:020000040800F2
:1000000000000524D9230008F9170008FB17000891
:10001000FD170008FF170008011800080000000085
:10002000000000000000000000000000614900081E
:100030000318000800000000014A0008B946000843
:100040002D2400082D2400082D2400082D2400084C
:100050002D2400082D2400082D2400082D2400083C
:100060002D2400082D2400082D2400082D2400082C
:10007000051800082D2400082D2400082D24000850
:100080002D2400082D2400082D2400081518000830
:100090002518000835180008451800082D24000808
:1000A0002D2400082D2400082D2400082D240008EC
:1000B000551800082D2400082D2400082D240008C0
:1000C0002D2400082D2400082D2400082D240008CC
:1000D0002D240008651800082D2400082D24000890
:1000E000751800082D240008000000002D240008C9
:1000F0002D2400082D2400082D2400082D2400089C
:100100002D2400082D2400082D2400082D2400088B
:100110002D2400082D2400082D2400082D2400087B
:100120002D2400082D2400082D2400082D2400086B
:100130002D2400082D2400082D2400082D2400085B
:1001400000000000000000000000000000000000AF
:100150002D2400082D2400082D2400082D2400083B
:100160002D2400082D2400082D2400082D2400082B
:100170002D240008891800082D2400080000000024
:100180002D2400082D2400082D2400082D2400080B
:100190002D2400082D2400082D2400082D240008FB
:1001A0002D2400082D2400082D2400080000000044
:1001B0002D2400082D2400082D2400082D240008DB
:1001C0002D2400082D24000800000000000000007D
:1001D00000000000000000002D24000800000000C6
:1001E000000000000000000000000000000000000F
:1001F00000000000000000002D2400082D2400084D
:100200002D2400082D240008000000002D240008E3
:100210002D2400082D2400082D2400082D2400087A
:100220002D240008000000002D240008000000001C
:100230002D2400082D240008000000002D240008B3
:100240002D2400082D2400082D2400082D2400084A
:100250002D2400082D2400082D2400082D2400083A
:100260002D2400082D2400082D2400082D2400082A
:100270002D2400082D2400082D2400080000000073
:100280002D2400082D2400082D2400082D2400080A
:10029000000000002D2400082D24000800000000AC
:1002A000000000002D2400082D2400082D24000843
:1002B0002D2400082D2400082D240008991800087A
:0C02C000A91800082D2400082D240008B7
:1002D000F0B400EB4003DFF8880000EBC30000F14E
:1002E00018063069F7687568874232D3B368DC1B3B
:1002F000631E934214D37D19D01900BF11F8013B3E
:1003000005F8013B013A05D011F8013B05F8013B26
:10031000013AF3D1BFF35F8FF0600120F0BC70476A
:10032000C018904219D37819121B11F8013B00F83C
:10033000013B013CF9D1141C05D011F8013B05F833
:10034000013B013AF9D1BFF35F8FF4600120F0BCAB
:100350007047C01B01389042CDD20020F0BC7047DE
:10036000CC9B002481F0004102E000BF83F00043F9
:1003700030B54FEA41044FEA430594EA050F08BF40
:1003800090EA020F1FBF54EA000C55EA020C7FEA04
:10039000645C7FEA655C00F0E2804FEA5454D4EB81
:1003A0005555B8BF6D420CDD2C4480EA020281EA4B
:1003B000030382EA000083EA010180EA020281EA83
:1003C0000303362D88BF30BD11F0004F4FEA0131D5
:1003D0004FF4801C4CEA113102D0404261EB4101E4
:1003E00013F0004F4FEA03334CEA133302D052426A
:1003F00063EB430394EA050F00F0A780A4F1010426
:10040000D5F1200E0DDB02FA0EFC22FA05F280185F
:1004100041F1000103FA0EF2801843FA05F3594145
:100420000EE0A5F120050EF1200E012A03FA0EFCC4
:1004300028BF4CF0020C43FA05F3C01851EBE371EE
:1004400001F0004507D54FF0000EDCF1000C7EEB0B
:1004500000006EEB0101B1F5801F1BD3B1F5001F49
:100460000CD349085FEA30004FEA3C0C04F1010468
:100470004FEA445212F5800F80F09A80BCF1004F91
:1004800008BF5FEA500C50F1000041EB045141EA13
:10049000050130BD5FEA4C0C404141EB0101013CDC
:1004A00028BFB1F5801FE9D291F0000F04BF0146CB
:1004B0000020B1FA81F308BF2033A3F10B03B3F19D
:1004C00020020CDA0C3208DD02F1140CC2F10C022D
:1004D00001FA0CF021FA02F10CE002F11402D8BF8B
:1004E000C2F1200C01FA02F120FA0CFCDCBF41EA57
:1004F0000C019040E41AA2BF01EB0451294330BD26
:100500006FEA04041F3C1CDA0C340EDC04F1140402
:10051000C4F1200220FA04F001FA02F340EA0300D9
:1005200021FA04F345EA030130BDC4F10C04C4F11F
:10053000200220FA02F001FA04F340EA03002946FF
:1005400030BD21FA04F0294630BD94F0000F83F449
:10055000801306BF81F480110134013D4EE77FEA2C
:10056000645C18BF7FEA655C29D094EA050F08BF78
:1005700090EA020F05D054EA000C04BF1946104659
:1005800030BD91EA030F1EBF0021002030BD5FEA9D
:10059000545C05D14000494128BF41F0004130BDC5
:1005A00014F580043CBF01F5801130BD01F0004519
:1005B00045F0FE4141F470014FF0000030BD7FEA8C
:1005C000645C1ABF194610467FEA655C1CBF0B4687
:1005D000024650EA013406BF52EA033591EA030F9E
:1005E00041F4002130BD00BF90F0000F04BF002196
:1005F000704730B54FF4806404F132044FF00005C9
:100600004FF0000150E700BF90F0000F04BF002141
:10061000704730B54FF4806404F1320410F00045A7
:1006200048BF40424FF000013EE700BF42004FEAA2
:10063000E2014FEA31014FEA02701FBF12F07F431F
:1006400093F07F4F81F06051704732F07F4208BFD6
:10065000704793F07F4F04BF41F40021704730B5DD
:100660004FF4607401F0004521F000411CE700BF29
:1006700050EA010208BF704730B54FF000050AE0AC
:1006800050EA010208BF704730B511F0004502D5AD
:10069000404261EB41014FF4806404F132045FEAAF
:1006A000915C3FF4D8AE4FF003025FEADC0C18BF58
:1006B00003325FEADC0C18BF033202EBDC02C2F14A
:1006C000200300FA03FC20FA02F001FA03FE40EADC
:1006D0000E0021FA02F11444BDE600BF70B54FF0E0
:1006E000FF0C4CF4E06C1CEA11541DBF1CEA1355BE
:1006F00094EA0C0F95EA0C0F00F0DEF82C4481EA26
:10070000030621EA4C5123EA4C5350EA013518BF45
:1007100052EA033541F4801143F4801338D0A0FB32
:1007200002CE4FF00005E1FB02E506F00042E0FBDF
:1007300003E54FF00006E1FB03569CF0000F18BFE5
:100740004EF0010EA4F1FF04B6F5007F64F540748D
:1007500004D25FEA4E0E6D4146EB060642EAC62120
:1007600041EA55514FEAC52040EA5E504FEACE2E8D
:10077000B4F1FD0C88BFBCF5E06F1ED8BEF1004F90
:1007800008BF5FEA500E50F1000041EB045170BD0C
:1007900006F0004646EA010140EA020081EA030150
:1007A000B4EB5C04C2BFD4EB0C0541EA045170BD4C
:1007B00041F480114FF0000E013C00F3AB8014F1C6
:1007C000360FDEBF002001F0004170BDC4F100040F
:1007D000203C35DA0C341BDC04F11404C4F1200590
:1007E00000FA05F320FA04F001FA05F240EA0200EB
:1007F00001F0004221F0004110EBD37021FA04F621
:1008000042EB06015EEA430E08BF20EAD37070BDDA
:10081000C4F10C04C4F1200500FA04F320FA05F039
:1008200001FA04F240EA020001F0004110EBD3703B
:1008300041F100015EEA430E08BF20EAD37070BDAB
:10084000C4F1200500FA05F24EEA020E20FA04F384
:1008500001FA05F243EA020321FA04F001F0004133
:1008600021FA04F220EA020000EBD3705EEA430EA4
:1008700008BF20EAD37070BD94F0000F0FD101F0D3
:100880000046400041EB010111F4801F08BF013C0C
:10089000F7D041EA060195F0000F18BF704703F04A
:1008A0000046520043EB030313F4801F08BF013DD1
:1008B000F7D043EA0603704794EA0C0F0CEA13558D
:1008C00018BF95EA0C0F0CD050EA410618BF52EA47
:1008D0004306D1D181EA030101F000414FF000004D
:1008E00070BD50EA410606BF1046194652EA43065B
:1008F00019D094EA0C0F02D150EA013613D195EACF
:100900000C0F05D152EA03361CBF104619460AD116
:1009100081EA030101F0004141F0FE4141F4700120
:100920004FF0000070BD41F0FE4141F4780170BD10
:1009300070B54FF0FF0C4CF4E06C1CEA11541DBF75
:100940001CEA135594EA0C0F95EA0C0F00F0A7F877
:10095000A4EB050481EA030E52EA03354FEA0131A4
:1009600000F088804FEA03334FF0805545EA1313B7
:1009700043EA12634FEA022245EA111545EA10657F
:100980004FEA00260EF000419D4208BF964244F116
:10099000FD0404F5407402D25B084FEA3202B61A35
:1009A00065EB03055B084FEA32024FF480104FF409
:1009B000002CB6EB020E75EB030E22BFB61A75467D
:1009C00040EA0C005B084FEA3202B6EB020E75EB10
:1009D000030E22BFB61A754640EA5C005B084FEA78
:1009E0003202B6EB020E75EB030E22BFB61A754645
:1009F00040EA9C005B084FEA3202B6EB020E75EB50
:100A0000030E22BFB61A754640EADC0055EA060E10
:100A100018D04FEA051545EA16754FEA06164FEA53
:100A2000C30343EA52734FEAC2025FEA1C1CC0D1FF
:100A300011F4801F0BD141EA00014FF000004FF08C
:100A4000004CB6E711F4801F04BF01430020B4F14D
:100A5000FD0C88BFBCF5E06F3FF6AFAEB5EB030C05
:100A600004BFB6EB020C5FEA500C50F1000041EB02
:100A7000045170BD0EF0004E4EEA113114EB5C04CF
:100A8000C2BFD4EB0C0541EA045170BD41F48011A2
:100A90004FF0000E013C90E645EA060E8DE60CEAAA
:100AA000135594EA0C0F08BF95EA0C0F3FF43BAFC7
:100AB00094EA0C0F0AD150EA01347FF434AF95EA7E
:100AC0000C0F7FF425AF104619462CE795EA0C0F62
:100AD00006D152EA03353FF4FDAE1046194622E72F
:100AE00050EA410618BF52EA43067FF4C5AE50EA09
:100AF00041047FF40DAF52EA43057FF4EBAE12E7F9
:100B00004FF0FF3C06E000BF4FF0010C02E000BFD9
:100B10004FF0010C4DF804CD4FEA410C7FEA6C5CBC
:100B20004FEA430C18BF7FEA6C5C1BD001B050EA5F
:100B3000410C0CBF52EA430C91EA030F02BF90EA4A
:100B4000020F0020704710F1000F91EA030F58BF09
:100B5000994208BF90422CBFD8176FEAE37040F06B
:100B6000010070474FEA410C7FEA6C5C02D150EA09
:100B7000013C07D14FEA430C7FEA6C5CD6D152EAC4
:100B8000033CD3D05DF8040B704700BF8446104689
:100B900062468C461946634600E000BF01B5FFF788
:100BA000B7FF002848BF10F1000F01BD4DF808ED58
:100BB000FFF7F4FF0CBF012000205DF808FB00BF29
:100BC0004DF808EDFFF7EAFF34BF012000205DF883
:100BD00008FB00BF4DF808EDFFF7E0FF94BF0120D0
:100BE00000205DF808FB00BF4DF808EDFFF7CEFFD1
:100BF00094BF012000205DF808FB00BF4DF808ED10
:100C0000FFF7C4FF34BF012000205DF808FB00BFE0
:100C10004FEA410C7FEA6C5C02D150EA013C0AD1F8
:100C20004FEA430C7FEA6C5C02D152EA033C02D1EA
:100C30004FF0000070474FF0010070474FEA41024B
:100C4000B2F1E04324BFB3F5001CDCF1FE5C0DD92A
:100C500001F0004C4FEAC0024CEA5070B2F1004F74
:100C600040EB830008BF20F00100704711F0804F77
:100C700021D113F13872BCBF01F00040704741F43C
:100C800080114FEA5252C2F11802C2F1200C10FA40
:100C90000CF320FA02F018BF40F001004FEAC12324
:100CA0004FEAD32303FA0CFC40EA0C0023FA02F3C8
:100CB0004FEA4303CCE77FEA625307D150EA01339E
:100CC0001EBF4FF0FE4040F44000704701F000406E
:100CD00040F0FE4040F40000704700BF53B94AB9ED
:100CE000002908BF00281CBF4FF0FF314FF0FF3034
:100CF00000F0E2B8ADF1080C6DE904CE0FF00CFF86
:100D0000DDF804E0DDE9022304B0704700F13401AE
:100D100091E838009C46A6464CF8045D90E8FF0F29
:100D2000E54600BD90EC210B704700BF80EC210B25
:100D3000704700BF90EC200B704700BF80EC200B89
:100D4000704700BFD0EC200B704700BFC0EC200BF9
:100D5000704700BFF0EC0201F0EC0211F0EC022150
:100D6000F0EC0231F0EC0241F0EC0251F0EC0261E7
:100D7000F0EC0271F0EC0281F0EC0291F0EC02A1D7
:100D8000F0EC02B1F0EC02C1F0EC02D1F0EC02E1C7
:100D9000F0EC02F1704700BFE0EC0201E0EC021160
:100DA000E0EC0221E0EC0231E0EC0241E0EC025127
:100DB000E0EC0261E0EC0271E0EC0281E0EC029117
:100DC000E0EC02A1E0EC02B1E0EC02C1E0EC02D107
:100DD000E0EC02E1E0EC02F1704700BFB0FC018101
:100DE000B0FC0191B0FC01A1B0FC01B1704700BFA3
:100DF000A0FC0181A0FC0191A0FC01A1A0FC01B11B
:100E0000704700BFEC4600B52DE900502DE9FF1FEB
:100E10004FF000032DE90C0001A910F057F9DDF89F
:100E200040E012B0704700BFEC4600B52DE900501D
:100E30002DE9FF1F4FF000032DE90C0001A910F070
:100E400083F9DDF840E012B0704700BFEC4600B512
:100E50002DE900502DE9FF1F4FF000032DE90C0094
:100E600001A910F093F9DDF840E012B0704700BF1F
:100E7000EC4600B52DE900502DE9FF1F4FF00003AF
:100E80002DE90C0001AB10F057F9DDF840E012B08D
:100E9000704700BFEC4600B52DE900502DE9FF1F5B
:100EA0004FF000032DE90C0001AA10F0CBF9DDF89A
:100EB00040E012B0704700BF704700BF844641EA6F
:100EC000000313F003036DD1403A41D351F8043BC2
:100ED00040F8043B51F8043B40F8043B51F8043B14
:100EE00040F8043B51F8043B40F8043B51F8043B04
:100EF00040F8043B51F8043B40F8043B51F8043BF4
:100F000040F8043B51F8043B40F8043B51F8043BE3
:100F100040F8043B51F8043B40F8043B51F8043BD3
:100F200040F8043B51F8043B40F8043B51F8043BC3
:100F300040F8043B51F8043B40F8043B51F8043BB3
:100F400040F8043B51F8043B40F8043B403ABDD222
:100F5000303211D351F8043B40F8043B51F8043BC4
:100F600040F8043B51F8043B40F8043B51F8043B83
:100F700040F8043B103AEDD20C3205D351F8043B53
:100F800040F8043B043AF9D2043208D0D2071CBF1F
:100F900011F8013B00F8013B01D30B880380604648
:100FA000704700BF082A13D38B078DD010F00303BE
:100FB0008AD0C3F10403D21ADB071CBF11F8013B2E
:100FC00000F8013B80D331F8023B20F8023B7BE77D
:100FD000043AD9D3013A11F8013B00F8013BF9D2A8
:100FE0000B7803704B7843708B7883706046704742
:100FF00010B5054C237833B9044B13B10448AFF353
:1010000000800123237010BD640200240000000052
:10101000741E010808B5034B1BB103490348AFF325
:10102000008008BD0000000068020024741E010852
:1010300000B583B00B4BD3F8D82042F00102C3F8BF
:10104000D820D3F8D83003F001030193019B00228C
:1010500005210C2006F06EF80C2006F07BF803B09A
:101060005DF804FB0044025810B51748174B0360A5
:1010700000218160C16001230374417483740223E1
:1010800043610F2282612C24C46102624362062301
:1010900083621122C2620363416304238363C363D7
:1010A0000822026443648264C36402654365826506
:1010B000C26502664166836607F016FD00B910BD81
:1010C00000F0FBF9FBE700BFC403002400A00040D0
:1010D00008B51848184B036000218160C160017495
:1010E000417401238374022343610F2383613B22F4
:1010F000C261036205234362062383621722C26230
:10110000036340F25533436304238363C3630822BC
:10111000026443648264C364026543658265C26598
:1011200002664166836607F0DFFC00B908BD00F087
:10113000C4F9FBE72403002400A4004008B51848C4
:10114000184B036000228260C26002744274827491
:10115000022343610F2383612C21C16103620523B4
:101160004362062383621121C162036340F2AA63D2
:10117000436304238363C36308210164436481647C
:10118000C364016543658165C16501664266836626
:1011900007F0AAFC00B908BD00F08FF9FBE700BF1B
:1011A0008402002400D4004010B58CB000230793C3
:1011B000089309930A930B930368604A934207D0FC
:1011C0005F4A934240D05F4A934279D00CB010BD41
:1011D0005D4A136801331360012B27D05B4BD3F8B2
:1011E000E02042F00802C3F8E020D3F8E03003F03A
:1011F00008030293029B0323079302230893092306
:101200000B9307A9524808F027F900220621132062
:1012100005F090FF132005F09DFF00220621152008
:1012200005F088FF152005F095FFCFE7474BD3F871
:10123000EC2042F48072C3F8EC20D3F8EC3003F4D5
:1012400080730193019BC9E73F4A13680133136020
:10125000012B27D03D4BD3F8E02042F00202C3F827
:10126000E020D3F8E03003F002030493049B6023F2
:1012700007930223089309230B9307A9354808F025
:10128000EBF800220521142005F054FF142005F08E
:1012900061FF00220521162005F04CFF162005F005
:1012A00059FF93E7294BD3F8EC2042F48072C3F83E
:1012B000EC20D3F8EC3003F480730393039BC9E76D
:1012C000214A136801331360012B28D01F4BD3F838
:1012D000E02042F00802C3F8E020D3F8E03003F049
:1012E00008030693069B4FF4405307930223089389
:1012F00005240B9407A9164808F0AEF800222146F1
:101300009F2005F017FF9F2005F024FF00222146B3
:10131000A02005F00FFFA02005F01CFF56E70B4BA7
:10132000D3F8EC2042F48072C3F8EC20D3F8EC3010
:1013300003F480730593059BC8E700BF00A000403D
:1013400000A4004000D40040800200240044025861
:10135000000C02580004025808B500F0EFFD02F03E
:1013600063FC012003F03CFAFBE7000008B5044AE7
:101370000021044803F0DAF9034B186008BD00BFF0
:10138000E41F01085913000864040024F0B58DB06F
:1013900007AD00240794089409940A940B943F4BDA
:1013A000D3F8E02042F01002C3F8E020D3F8E020A8
:1013B00002F010020192019AD3F8E02042F00402F8
:1013C000C3F8E020D3F8E02002F004020292029A6F
:1013D000D3F8E02042F08002C3F8E020D3F8E02008
:1013E00002F080020392039AD3F8E02042F0020256
:1013F000C3F8E020D3F8E02002F002020492049A3D
:10140000D3F8E02042F00802C3F8E020D3F8E0204F
:1014100002F008020592059AD3F8E02042F001029A
:10142000C3F8E020D3F8E03003F001030693069BF5
:101430001B4E012244F20901304608F017F94FF41F
:10144000804307930127089709970A942946304655
:1014500008F002F8092307930897099403230A93D5
:101460002946304607F0F8FF4FF4A05307934FF496
:1014700088130893099429460A4807F0EDFF21468E
:101480004FF0006005F0FAFD22460621282005F005
:1014900051FE282005F05EFE0DB0F0BD004402585C
:1014A000000802580010025808B50368B3F1804FD5
:1014B00000D008BD05F0BCFDFBE772B6FEE70000FA
:1014C00000B59DB04C22002109A810F0B1FB2022EC
:1014D000002101A810F0ACFB022008F04DFF002312
:1014E0000093214B9A6922F440429A619B6903F46C
:1014F00040430093009B1C4B9B6913F4005FFAD0A0
:10150000212309934FF480330A9301220F9202237F
:1015100012931393149328211591169217931893ED
:101520000C23199300231A931B9309A808F056FF64
:10153000A8B93F23019303210291002303930823B9
:1015400004934023059306934FF480620792089317
:1015500001A809F031FB20B91DB05DF804FBFFF7CD
:10156000ACFFFFF7AAFF00BF0048025810B5AEB0AD
:10157000B8220021684610F05BFB4FF400420023C4
:10158000CDE9002314230293C82303930223049379
:1015900005930693202308934FF000531B9368464E
:1015A00009F0CCFD08B92EB010BDFFF786FF08B5D5
:1015B00005F010FDFFF784FFFFF7D8FFFFF7E6FE09
:1015C000FFF736FDFFF750FDFFF782FD00F072FADE
:1015D00000F022FB00F054FB00F086FB00F00CF85A
:1015E000FFF7ACFD00F0D4FA03F072F8FFF7BEFE8F
:1015F00003F080F8FEE7000008B51548154B0360BE
:101600004FF480034360002383600722C2604FF0E1
:10161000007202614FF0807242614FF0806282611D
:101620004FF08042C261036243628362C3624263DD
:101630008363C363036443648364C3640365436572
:1016400083650AF0B1FC00B908BDFFF736FFFBE780
:101650006804002400380040F0B5B9B00446002109
:1016600033913491359136913791B82204A810F016
:10167000DFFA2268284B9A4201D039B0F0BD4FF40E
:1016800080520023CDE9042304A809F057FD002867
:101690003ED1224BD3F8E82042F48042C3F8E82040
:1016A000D3F8E82002F480420192019AD3F8E020B6
:1016B00042F00402C3F8E020D3F8E02002F0040274
:1016C0000292029AD3F8E02042F00202C3F8E0202E
:1016D000D3F8E03003F002030393039B0623339314
:1016E000022734970024359436940526379633AD77
:1016F00029460B4807F0B0FE4FF40053339334975C
:101700003594369437962946064807F0A5FEB4E787
:10171000FFF7D3FEBDE700BF003800400044025889
:10172000000802580004025800B583B00A4BD3F8F1
:10173000F42042F00202C3F8F420D3F8F43003F0AE
:1017400002030193019B00220F216FF0010005F0BD
:10175000F1FC03B05DF804FB004402580F2801D9E6
:101760000120704710B58AB00446002201461C20B3
:1017700005F0E0FC1C2005F0EDFC1B4B1C601B4B36
:10178000D3F8E82042F00102C3F8E820D3F8E830AB
:1017900003F001030093009B01A902A809F09CFB40
:1017A000079BC3B909F074FB0346114AA2FB03234C
:1017B0009B0C013B0F484FF08042026040F2E73241
:1017C000C26043600023036183600AF0A1FF30B16F
:1017D00001200AB010BD09F05BFB4300E5E70548B6
:1017E0000AF0F6FDF5E700BF90000024004402581F
:1017F00083DE1B43F0040024FEE7FEE7FEE7FEE77E
:10180000FEE7704708B5024806F0A4FC08BD00BF1B
:10181000D405002408B5024807F08EFC08BD00BFBF
:10182000C403002408B5024807F086FC08BD00BFC9
:101830002403002408B5024807F07EFC08BD00BF61
:10184000C403002408B5024807F076FC08BD00BFB9
:101850002403002408B502480AF00DFE08BD00BFAD
:10186000F004002408B502480BF0D4F908BD00BF0D
:10187000E006002408B54FF4806007F0FDFE4FF449
:10188000805007F0F9FE08BD08B5024808F033FAA9
:1018900008BD00BF0C1D002408B5024807F04CFC31
:1018A00008BD00BF8402002408B5024807F044FCCC
:1018B00008BD00BF840200240120704708B510F065
:1018C00049FA162303604FF0FF3008BD08B54FF00A
:1018D000FF31FFF7F3FFFEE72B4AD2F8883043F4DD
:1018E0007003C2F88830294B1B6803F00F03062BE6
:1018F00006D8264A136823F00F0343F0070313604A
:10190000234B1A6842F001021A6000221A6119681A
:10191000204A0A401A601D4B1B6813F0080F06D0BE
:101920001A4A136823F00F0343F007031360184BA0
:1019300000229A61DA611A62174999621749D962DD
:10194000174919635A639963DA6319645A64196809
:1019500021F4802119601A66D3F8D43013F4805F23
:1019600010D10B4BD3F8D42042F48052C3F8D420CA
:101970000C4A43F2D2011160D3F8D42022F48052F1
:10198000C3F8D420704700BF00ED00E000200052F3
:10199000004402587FEDF6EA000202020000FF0157
:1019A0008002010100400052054AD36843F002035F
:1019B000D360034B5B6813F4005FFAD0704700BF3D
:1019C0000048025882B00368114A934204D0114A79
:1019D00093420FD002B070470F4BD3F8F02042F083
:1019E0000102C3F8F020D3F8F03003F001030093B4
:1019F000009BEFE7084BD3F8E82042F00202C3F85F
:101A0000E820D3F8E83003F002030193019BE1E7FB
:101A100000000140000400400044025800B589B0B5
:101A200000230393049305930693079303681C4ACA
:101A3000934205D01B4A93421BD009B05DF804FBCA
:101A4000194BD3F8E02042F01002C3F8E020D3F89D
:101A5000E03003F010030193019B4FF4085303930C
:101A6000022304930123079303A9104807F0F4FC11
:101A7000E3E70D4BD3F8E02042F00202C3F8E02088
:101A8000D3F8E03003F002030293029B0223039396
:101A90000493079303A9064807F0DEFCCDE700BFD7
:101AA00000000140000400400044025800100258A9
:101AB0000004025810B598B0002415941694179499
:101AC0000E940F941094119412941394149434223D
:101AD000214601A810F0ACF82B482C4B036040F2D3
:101AE000BF33436084604FF6FF73C3600461446199
:101AF00084610AF03DFE002837D100231593169328
:101B0000179315A920480AF04BFF002830D1602315
:101B10000E9300220F92109211921292139214922D
:101B20000EA919480AF09EFE28BB08220EA91648E5
:101B30000AF098FE10BB00230193029303930493D1
:101B400005934FF400520692079309934FF00072E9
:101B50000A920B930D9301A90B480AF079FF80B903
:101B60000948FFF75BFF18B010BDFFF7A6FCC4E7FC
:101B7000FFF7A3FCCBE7FFF7A0FCD6E7FFF79DFC40
:101B8000D9E7FFF79AFCEBE7880500240000014045
:101B900000B58BB00023079308930993009301933A
:101BA000029303930493059306931948194A02601C
:101BB00017224260836042F20F72C2600361802389
:101BC00083610AF0D5FDC8B900230793099307A9DB
:101BD0000F480AF0E5FEA0B96023009300230193AB
:101BE000029304930C22694609480AF03BFE58B957
:101BF0000748FFF713FF0BB05DF804FBFFF75DFC30
:101C0000E2E7FFF75AFCE7E7FFF757FCF0E700BF12
:101C10003C0500240004004008B51748174B03603A
:101C20004FF4E133436000238360C36003610C22FF
:101C300042618361C3610362436283620BF0A5FE6C
:101C400070B900210C480BF073FF60B900210A48FD
:101C50000BF093FF50B908480BF04BFF48B908BD93
:101C6000FFF72BFCEDE7FFF728FCEFE7FFF725FC7C
:101C7000F1E7FFF722FCF2E7740700240078004048
:101C800008B51748174B03604FF4612343600023E6
:101C90008360C36003610C2242618361C36103629C
:101CA000436283620BF071FE70B900210C480BF0A7
:101CB0003FFF60B900210A480BF05FFF50B90848A8
:101CC0000BF017FF48B908BDFFF7F7FBEDE7FFF78B
:101CD000F4FBEFE7FFF7F1FBF1E7FFF7EEFBF2E7CD
:101CE000E00600240010014008B51748174B0360B8
:101CF0004FF4E133436000238360C36003610C222F
:101D000042618361C3610362436283620BF03DFE03
:101D100070B900210C480BF00BFF60B900210A4894
:101D20000BF02BFF50B908480BF0E3FE48B908BD93
:101D3000FFF7C3FBEDE7FFF7C0FBEFE7FFF7BDFBE6
:101D4000F1E7FFF7BAFBF2E74C060024001C014064
:101D5000F0B5BBB0044600213591369137913891EA
:101D60003991B82206A80FF063FF23686B4A9342AB
:101D700008D06B4A934238D06A4A934200F08F8071
:101D80003BB0F0BD02220023CDE9062306A809F0EE
:101D9000D5F938BB644BD3F8E82042F08042C3F851
:101DA000E820D3F8E82002F080420092009AD3F8AD
:101DB000E02042F01002C3F8E020D3F8E03003F056
:101DC00010030193019B4FF4C073359302233693A4
:101DD0000023379338930723399335A9534807F0E5
:101DE0003BFBCDE7FFF769FBD4E701220023CDE9F8
:101DF000062306A809F0A2F900284AD14A4BD3F8D5
:101E0000F02042F01002C3F8F020D3F8F02002F0E6
:101E100010020292029AD3F8E02042F00102C3F8C5
:101E2000E020D3F8E03003F001030393039B4FF469
:101E3000C0633593022336930025379538950723E1
:101E4000399335A93A4807F007FB3A483A4B036003
:101E5000292343608560C5604FF480630361456159
:101E60008561C56105620423436203238362C56201
:101E7000056305F083FB78B92E4BC4F880309C6372
:101E800000220521252005F055F9252005F062F9ED
:101E900076E7FFF712FBB1E7FFF70FFBECE7012254
:101EA0000023CDE9062306A809F048F9002832D11D
:101EB0001D4BD3F8F02042F08002C3F8F020D3F895
:101EC000F02002F080020492049AD3F8E02042F05D
:101ED0001002C3F8E020D3F8E03003F010030593BC
:101EE000059B0423359302273697002437943894B2
:101EF000399335AE0D4D3146284607F0ADFA08232B
:101F000035933697379438940B23399331462846C6
:101F100007F0A2FA34E7FFF7D0FAC9E700780040EB
:101F200000100140001C01400044025800100258FB
:101F300000000258D40500242800024008B5012200
:101F4000104911480CF086FE80B910490E480CF07B
:101F500098FE70B90E490C480CF03BFE60B90A4877
:101F60000CF0AFFE58B908F031FA08BDFFF7A5FA3A
:101F7000EBE7FFF7A2FAEDE7FFF79FFAEFE7FFF7CE
:101F80009CFAF0E75000002408080024D800002440
:101F900008000024002070470020704708B5034B5C
:101FA0001B680BB108889847002008BDE81A002478
:101FB00038B50C46074D014628460CF023FE28464E
:101FC0000CF02CFE044B1B680BB1208898470020B6
:101FD00038BD00BF08080024E41A002410B5064CE0
:101FE0000022064920460CF0FFFD054920460CF072
:101FF00009FE002010BD00BF08080024E40A0024E8
:10200000E412002410B5B0B00446B822002102A8A2
:102010000FF00EFE2268164B9A4201D030B010BD70
:102020004FF480220023CDE902234FF44013239381
:1020300002A809F083F8B8B908F0C8F90D4BD3F835
:10204000D82042F00072C3F8D820D3F8D83003F07B
:1020500000730193019B002205214D2005F06AF8D1
:102060004D2005F077F8D9E7FFF727FAE4E700BF3E
:10207000000004400044025808B500F29C41D0F82A
:10208000E0040CF034FE08BD08B501EBC10300EB21
:102090008303D3F86022D0F8E0040CF0F5FE08BD0D
:1020A00008B501EBC10300EB83031A6AD0F8E00422
:1020B0000CF04AFF08BD08B5D0F8E0040CF092FE21
:1020C00008BD10B50446C17911B1022909D1012119
:1020D000D4F8E0040CF069FED4F8E0040CF033FE10
:1020E00010BDFFF7EAF90121F2E7000010B5044640
:1020F000D0F8E0040CF05CFE2268D2F8003E43F019
:102100000103C2F8003EE37A23B1034A136943F0A6
:102110000603136110BD00BF00ED00E008B5D0F864
:10212000E0040CF053FE08BD08B5D0F8E0040CF054
:102130007FFE08BD08B5D0F8E0040CF063FE08BDD2
:1021400008B5D0F8E0040CF089FE08BD08B5D0F859
:10215000E0040CF085FE08BD0378012B01D00020BF
:10216000704710B5164BC3F8E004C0F8C832154AE2
:102170001A6009221A710221D97100229A715972CA
:102180009A72DA721A739A73DA731A74184607F02D
:10219000EAFA90B90A4C4FF40071204608F0D1F8E1
:1021A00080220021204608F0A6F84FF4BA720121DF
:1021B000204608F0A0F8002010BDFFF77EF9E9E7FF
:1021C0000C1D002400000440D0F8C83211F0800F2C
:1021D00008D101F07F0101EBC10103EB810393F80A
:1021E0005602704701F07F0101EBC10103EB81034F
:1021F000987D704708B5D0F8C80207F0B7FC08BD55
:1022000000487047EC1A00247047032805D8DFE81F
:1022100000F005040205012070470320704708B54F
:10222000D0F8C80207F020FBFFF7EFFF08BD08B5A4
:1022300094461A466346D0F8C80207F0F4FBFFF74D
:10224000E4FF08BD08B5D0F8C80207F032FCFFF77C
:10225000DCFF08BD08B5D0F8C80207F0B5FCFFF7F1
:10226000D4FF08BD08B5D0F8C80207F0F0FCFFF7AE
:10227000CCFF08BD08B5D0F8C80207F0C1FBFFF7D6
:10228000C4FF08BD08B5D0F8C80207F078FCFFF716
:10229000BCFF08BD08B5D0F8C80207F042FCFFF744
:1022A000B4FF08BD12230B80004870473C00002497
:1022B00004230B8000487047380000240023934219
:1022C0001ED200B510E00CF1370C01F813C000016C
:1022D0004FEA430C0CF1010C4FF0000E01F80CE03A
:1022E0000133DBB2934209D24FEA107CB0F1204FA8
:1022F000E9D20CF1300C01F813C0E8E75DF804FBFB
:102300007047000038B50B4BD3F80008D3F80448E9
:10231000D3F80838C01800D138BD074D0822294627
:10232000FFF7CCFF042205F110012046FFF7C6FF9E
:10233000F2E700BF00E0F11F1E00002408B51A23D9
:102340000B80FFF7DFFF014808BD00BF1C00002421
:1023500008B50A4628B9054905480DF00DFA0348A5
:1023600008BD024902480DF007FAF8E7F021002401
:10237000F01E010810B50A46034C214603480DF033
:10238000FBF9204610BD00BFF0210024081F010802
:1023900008B50A4628B9054905480DF0EDF9034886
:1023A00008BD024902480DF0E7F9F8E7F0210024E2
:1023B0001C1F010808B50A4628B9054905480DF053
:1023C000DBF9034808BD024902480DF0D5F9F8E7EA
:1023D000F0210024281F0108DFF838D0FFF7E4FAC5
:1023E000FFF77AFA0C480D490D4A002302E0D45851
:1023F000C4500433C4188C42F9D30A4A0A4C00234F
:1024000001E013600432A242FBD30FF0A9FCFFF7F6
:10241000CEF8704700000524000000246402002468
:10242000F82701086402002404A10024FEE7034603
:1024300000785A7842EA002011B10A701B784B707C
:10244000704730EE600A31EE601AC0EE017A0B1A66
:1024500007EE103AB8EEC77A27EE277A07EE900A11
:10246000F8EEE77A77EE877AFDEEE77A17EE900AD4
:102470007047401A07EE900AB8EEE77A521A07EE54
:10248000902AF8EEE77AC7EE276A70EEC00A60EE8F
:10249000A60A30EE800A7047D0B5F0EE607ADFED24
:1024A000200A30EE670A0DF003FA10EE104A2046BB
:1024B000FEF7BCF806460F4613A3D3E90023FEF748
:1024C0009DFB60B112A3D3E9002330463946FDF7E6
:1024D0004DFFFEF7B3FB044600EE104AD0BD0EA33D
:1024E000D3E9002330463946FEF76AFB0028F3D0D3
:1024F00007A3D3E9002330463946FDF739FFFEF73D
:102500009DFB0446E8E700BF182D4454FB21094019
:10251000182D4454FB211940182D4454FB2109C0A7
:10252000DB0FC94030EE600A03E0DFED0C7A30EEDD
:10253000670ADFED0B7AB4EEE70AF1EE10FAF4DC8D
:1025400003E0DFED067A30EE270ADFED067AB4EE1F
:10255000E70AF1EE10FAF4D4704700BFDB0FC94070
:10256000DB0F4940DB0F49C038B52DED028B10EE73
:10257000100AFEF75BF89FED1E1B41EC100B0DF0EF
:1025800061F951EC100BFEF759FB08EE100AFEF74B
:102590004DF804460D4618A3D3E90023FEF72EFBA1
:1025A00078B113A3D3E9002320462946FDF7DEFEC8
:1025B000FEF744FB08EE100AB0EE480ABDEC028BB1
:1025C00038BD0FA3D3E9002320462946FEF7F8FAC9
:1025D0000028F1D006A3D3E9002320462946FDF7C1
:1025E000C7FEFEF72BFB08EE100AE5E7AFF300800D
:1025F000182D4454FB211940182D4454FB21094047
:10260000182D4454FB2109C0B5EEC00AF1EE10FAB2
:1026100000DD7047B1EE400AFBE780ED0A0AC0ED2D
:102620000B0A80ED0C1AC0ED0D1A80ED0E2AC0EDDC
:102630000F2A80ED003AC0ED013A80ED104AC0ED5E
:10264000114A80ED125A0172C0ED035A704790EDA5
:10265000090A704780ED130A704780ED140A70472D
:10266000D0ED007AF4EEC07AF1EE10FA04D580EDE8
:10267000000A90ED000A7047F4EEE07AF1EE10FAED
:10268000F7DDC0ED000AF4E710B52DED048B04462C
:1026900090ED138A90ED149A38EE498AB0EE480A0C
:1026A000FFF7B2FFD4ED017AF4EEC07AF1EE10FA42
:1026B0002BDD84ED139ADFED7F8AB0EE688A94ED0E
:1026C0000A9A29EE089AD4ED107AF5EE407AF1EEE6
:1026D00010FA06D194ED117AB5EE407AF1EE10FAC7
:1026E00039D0F4EEE87AF1EE10FA37DA29D594ED24
:1026F000117AB4EEE87AF1EE10FA22DD77EE686A2C
:1027000037EE677AC6EE879A2AE0F0EE408AB5EE99
:10271000C08AF1EE10FA07DDF4EEC07AF1EE10FA9D
:1027200002D538EE678ACAE7B5EEC08AF1EE10FA34
:10273000C5D5F4EEE87AF1EE10FAC0D538EE278A66
:10274000BDE7D4ED117AF4EEE87AF1EE10FA07D88D
:10275000DFED589A04E0F7EE009A01E0F7EE009AF8
:10276000D4ED0E7AF5EE407AF1EE10FA64D1D4EDA4
:10277000127AF5EE407AF1EE10FA6AD1D4ED157ABC
:1027800094ED007A27EE297A27EE087A77EE877A99
:10279000C4ED157A94ED0B7A67EE877A237A002BD5
:1027A00072D1D4ED0C6A94ED087A38EE477A66EE71
:1027B000876A94ED006A86EE867AD4ED036AF5EEB8
:1027C000C06AF1EE10FA13DD94ED006A36EE866A07
:1027D000C6EE865AD4ED046A66EEA56AB7EE006AC4
:1027E00036EE656A26EE077A36EE877A84ED047A4D
:1027F000D4ED0D6A94ED136AD4ED065A36EE656A8F
:1028000066EE866A77EE897A77EE877A77EEA67A31
:10281000C4ED097AD4ED0F0AF5EE400AF1EE10FA94
:1028200041D1236D6361E36CA361636AE36184ED6D
:10283000088ABDEC048B10BDF1EE677A94ED0B7A3B
:1028400087EE870AF1EE400A04F15400FFF708FF13
:102850008DE7F4EEE87AF1EE10FA10DDD4ED157A9A
:1028600094ED007A27EE297A27EE087A77EE877AB8
:10287000C4ED157A94ED0B7A67EE877A8EE7DFED7B
:102880000D7AC4ED157A89E7D4ED0C6A94ED147ACB
:1028900094ED056A37EE467A66EEC76A94ED006AF3
:1028A00086EE867A89E7B1EE600A04F12400FFF72C
:1028B000D7FEB6E700000000F0B589B005460C462B
:1028C00017461E462022002168460FF0B1F9E308A2
:1028D000019314F0020F11D04FF0804300930223B4
:1028E000029314F0040F0BD1012303930497059670
:1028F0006946284606F042FA09B0F0BD0023EDE72C
:102900000223F2E710B504460368224A934213D02B
:10291000214A93421FD0214A93422BD0204606F0F1
:1029200072FA00220121204606F0AEFB002210219F
:10293000204606F0A9FB10BD194B1860596300230F
:102940001A461946FFF7B8FF00231A460C21204605
:10295000FFF7B2FFE2E7134B1860596300231A46F2
:102960007021FFF7A9FF00231A467C212046FFF7BC
:10297000A3FFD3E70C4B1860596300231A46E021EC
:10298000FFF79AFF00231A46EC212046FFF794FF39
:10299000C4E700BF00A0004000A4004000D40040F5
:1029A00090240024582400242024002400B58BB057
:1029B00001910021029103910493059106910791E1
:1029C0000891099101A906F037FA0BB05DF804FBF4
:1029D00011F0010F2FD038B50368174A934206D083
:1029E000164A93420FD0164A934218D038BD154C60
:1029F000A4F1280523462A46402106F057FAA36889
:102A000028469847F2E7104CA4F1280523462A46A9
:102A1000402106F04BFAA36828469847E6E70B4C9E
:102A2000A4F1280523462A46402106F03FFAA36870
:102A300028469847DAE7704700A0004000A400400D
:102A400000D40040BC240024842400244C2400240E
:102A500011F0100F2FD038B50368174A934206D0F3
:102A6000164A93420FD0164A934218D038BD154CDF
:102A7000A4F1280523462A46412106F017FAA36847
:102A800028469847F2E7104CA4F1280523462A4629
:102A9000412106F00BFAA36828469847E6E70B4C5D
:102AA000A4F1280523462A46412106F0FFF9A36830
:102AB00028469847DAE7704700A0004000A400408D
:102AC00000D40040BC240024842400244C2400248E
:102AD00010B504460368484A934223D0474A9342BC
:102AE0002FD0474A93423BD0464A934247D0464A6A
:102AF000934253D0454A93425FD0454A93426BD0AC
:102B0000444A93421CD1444BD3F808340BB1434898
:102B100098474149B1F8042401F5017120460BF0B2
:102B200051F80DE03E4BD3F808340BB13D489847BF
:102B30003B49B1F8042401F5017120460BF042F83D
:102B400010BD394BD3F808340BB138489847364993
:102B5000B1F8042401F5017120460BF033F8EFE7DA
:102B6000334BD3F808340BB1324898473049B1F8A9
:102B7000042401F5017120460BF024F8E0E72E4B08
:102B8000D3F808340BB12D4898472B49B1F80424E9
:102B900001F5017120460BF015F8D1E7284BD3F869
:102BA00008340BB1274898472549B1F8042401F5AA
:102BB000017120460BF006F8C2E7234BD3F8083426
:102BC0000BB1224898472049B1F8042401F501715E
:102BD00020460AF0F7FFB3E71D4BD3F808340BB1DA
:102BE0001C4898471A49B1F8042401F501712046A0
:102BF0000AF0E8FFA4E700BF0010014000440040D5
:102C000000480040004C00400050004000140140CB
:102C100000780040007C0040C8240024CC2600241A
:102C20001C41002420430024103D0024143F0024B4
:102C300004390024083B0024F8340024FC36002426
:102C4000EC300024F0320024E02C0024E42E002498
:102C5000D4280024D82A002408B503682C4A9342BB
:102C600015D02C4A93421AD02B4A93421FD02B4A9C
:102C7000934224D02A4A934229D02A4A93422ED002
:102C8000294A934233D0294A934238D008BD284973
:102C9000B1F8042401F501710AF094FFF6E7254923
:102CA000B1F8042401F501710AF08CFFEEE7224926
:102CB000B1F8042401F501710AF084FFE6E71F4929
:102CC000B1F8042401F501710AF07CFFDEE71C492C
:102CD000B1F8042401F501710AF074FFD6E719492F
:102CE000B1F8042401F501710AF06CFFCEE7164932
:102CF000B1F8042401F501710AF064FFC6E7134935
:102D0000B1F8042401F501710AF05CFFBEE700BFD1
:102D1000001001400044004000480040004C0040CA
:102D2000005000400014014000780040007C00404A
:102D30001C410024103D002404390024F8340024F0
:102D4000EC300024E02C0024D4280024C8240024E3
:102D500010B40968094CA14209D0094CA14209D01C
:102D6000A0F84020A0F842305DF8044B70470549B8
:102D7000C163F5E70449C163F2E700BF00A000406A
:102D800000A40040902400245824002470B5054677
:102D9000037A194C2370437A6370C368A370C3F33A
:102DA0000722E270C3F307422271C3F30763637122
:102DB0000026A671E671C06B08232246B5F84210C2
:102DC0000068FFF7F3FD2B692370C3F307226270DD
:102DD000C3F30742A270C3F30763E370BA232371FE
:102DE0006671A671E671E86B08232246B5F84210B9
:102DF0000068FFF7DBFD70BD284500240B78A3F1C8
:102E0000AB02042A5CD8DFE802F003212B394B0027
:102E100003704B7843708B788370CB78C3700B79D9
:102E200003714B7943718B79012B04D0022B05D0B0
:102E30004BB9837104E00123837101E002238371A4
:102E4000CB79C371704701238371F9E703754B7820
:102E500083758B78C375CB7803760B79437670478F
:102E600043754B7880F820308B7880F82130CB7810
:102E700080F822300B7980F82330704780F82830B2
:102E80004B7880F82A308B7880F82B30CB7880F81C
:102E90002C300B7980F82D30D0F82A30036370473E
:102EA00080F829304B7880F834308B7880F83530D2
:102EB000CB7880F836300B7980F83730436B8363FA
:102EC000704760EE027A67EEA27A62EEA00A60EEC8
:102ED000A22A77EEA27A22EE011A21EE022A77EEDA
:102EE000827A37EEA10A704710B4344B984206D06C
:102EF000334B984230D020465DF8044B704701397F
:102F00000A29F8D8DFE801F05506080A0C10141851
:102F10001C2024002B4CEEE72B4CECE72B4CEAE773
:102F2000002AE8D12A4CE6E7002AE4D1294CE2E75E
:102F3000002AE0D1284CDEE7002ADCD1274CDAE772
:102F4000002AD8D1264CD6E7002AD4D1254CD2E786
:102F5000002AD0D1244CCEE701390A29CBD8DFE8AA
:102F600001F02A06080A0C1014181C2024001F4C1B
:102F7000C1E71F4CBFE71F4CBDE7002ABBD11E4C69
:102F8000B9E7002AB7D11D4CB5E7002AB3D11C4CD4
:102F9000B1E7002AAFD11B4CADE7002AABD11A4CE8
:102FA000A9E7002AA7D1194CA5E7002AA3D1184CFC
:102FB000A1E7184C9FE7184C9DE700BFC40300240D
:102FC00024030024122400241424002416240024A2
:102FD000182400241A2400241C2400241E24002465
:102FE000082400240A2400240C240024FA230024AA
:102FF000FC230024FE2300240024002402240024B7
:103000000424002406240024F0230024F2230024B6
:10301000F423002410240024F823002438B50446A7
:10302000084611460268104DAA4214D00F4DAA421C
:1030300015D084F8B41084F818319DF8103084F855
:10304000C03084ED2F0AC4ED310A0022FFF74CFF97
:10305000C4F8B80038BD064AC4F8B020E9E7054A0C
:10306000C4F8B020E5E700BF00A0004000A4004085
:10307000902400245824002470B582B00446D0F86F
:10308000B0500DF1060105F12C00FFF7D0F901A9B0
:1030900005F12E00FFF7CBF90DF1020105F130002B
:1030A000FFF7C5F9BDF80660D4F80831F31A1BB272
:1030B000B4F8D820511049428B4258DAD4F8103174
:1030C0000133C4F81031D4F8103103FB0263C4F8A3
:1030D0000C3107EE903AB8EEE77A07EE902AF8EE58
:1030E000676AC7EE267A77EEA77A9FED257A67EEB4
:1030F000877A94ED2F7AC7EE876AC4ED3D6ABDF9F1
:10310000043007EE903AF8EEE77ADFED1E6A67EEDC
:10311000A67AC7EE872AC4ED3E2AD4ED376ABDF9F8
:10312000023007EE903AF8EEE77A87EEA62A84EDB1
:103130003F2A95F8323007EE903AF8EEE77ADFED65
:10314000126A77EEA67AC4ED407A67EE222AD4EDB1
:10315000351A94ED341AD4ED330A94ED320AFFF7A0
:10316000B0FE84ED410AC4F8086102B070BDB3EB53
:10317000520FA8DDD4F81031013BC4F81031A2E79A
:10318000DB0F49405077D63D3393884308B5D0F8DC
:10319000E4200132C0F8E420FFF76EFF08BD38B527
:1031A000044690F81831032B07D0042B1ED0012BB6
:1031B0001BD00023C0F8243117E000F1580590ED32
:1031C000480AD0ED4A7A30EE270A2846FFF742FA3D
:1031D00094ED3E0A2846FFF740FA2846FFF754FAD6
:1031E0002846FFF734FA84ED490A38BD90ED470AC6
:1031F000FFF730FA94ED3D0A2046FFF72EFA2046FD
:10320000FFF742FA2046FFF722FA84ED480A04F15C
:103210005805D4ED4A7A37EE800A2846FFF71AFAA5
:1032200094ED3E0A2846FFF718FA2846FFF72CFAD5
:103230002846FFF70CFA84ED490AD6E7D0ED3B7A31
:10324000FDEEE77A17EE903A43F30723D0F8B82063
:103250001370D0ED3B7AFDEEE77A17EE903AD0F896
:10326000B8205370704710B582B00446FFF797FF3F
:10327000D4ED497A94ED4B7A77EE877ACDED017AE9
:10328000D4ED310AB1EE600A01A8FFF7E9F9D4EDF7
:10329000377A9DED017A67EE877AC4ED3B7AD4EDFB
:1032A0003E2AD4ED2F7AC2EEA72A94ED492AD4ED16
:1032B000351A94ED341AD4ED330A94ED320AFFF73F
:1032C00000FE84ED450A2046FFF7B8FF94F8C030B1
:1032D00023B90023C4F82C31C4F8283102B010BD42
:1032E00010B49DF804C00968194CA1420DD0194CC6
:1032F000A1420DD0184CA1420DD08280BCF1030F29
:103300000DD8DFE80CF00B191D2114490160F4E71A
:1033100013490160F1E713490160EEE7C38080F8CB
:1033200054C080ED020AC0ED030A80ED041AC0ED1E
:10333000051A5DF8044B704703F58073C380EEE710
:1033400003F50073C380EAE703F54073C380E6E743
:1033500000A0004000A4004000D4004090240024BD
:10336000582400242024002410B504680823034AAC
:10337000C1882068FFF71AFB10BD00BF8000002441
:1033800010B504680823034AC1882068FFF70EFBC4
:1033900010BD00BF7800002410B504680823034A5C
:1033A000C1882068FFF702FB10BD00BF7000002439
:1033B00070B52DED028B82B0056895F82C2002F0D7
:1033C0000F02C38803F00F039A4203D002B0BDEC92
:1033D000028B70BD04460DF1060105F12D00FFF7CB
:1033E00026F895F82F0095F83030000140EA1310C8
:1033F0001E0206F4706695F831301E4395F82C30A5
:10340000C3F3031384F82C30BDF80620636CD31A81
:1034100013F5004F5BDAE36C0133E364E36C02EB1A
:1034200003412E4B0B44A36407EE902AF8EEE77A93
:10343000DFED2B6A87EEA67AD4ED027A37EEA76A23
:1034400027EE067A37EE677A84ED147A07EE103AA3
:10345000B8EEC77A87EE266A67EE867A77EEA77AA5
:10346000C4ED0C7A9FED1F8AD4ED030AB0EE480A32
:1034700040F6FF7240F2FF71FEF7FBFF84ED0D0A8C
:10348000D4ED040AB0EE480A40F6FF7240F2FF7134
:103490003046FEF7EEFF84ED0E0A95F8323007EE67
:1034A000903AF8EEE77A9FED107A77EE877AC4EDDE
:1034B0000F7A95F8333007EE903AF8EEE77A77EE28
:1034C000877AC4ED107ABDF8063063647EE7B3F501
:1034D000004FA3DDE36C013BE3649FE70180FFFF46
:1034E00000FF7F47000000003393884308B58269DE
:1034F00001328261FFF75CFF08BD00002DE9F04F4B
:103500002DED028B85B0044690F85430032B72D811
:10351000DFE803F00276838E9FED588A4FF6FF7145
:1035200047F6FF7094ED021AF0EE480A94ED160A81
:10353000FEF787FFADF80E0040F6FF7140F2FF7016
:1035400094ED031AF0EE480A94ED170AFEF779FF9E
:1035500006461FFA80F940F6FF7140F2FF7094EDC5
:10356000041AF0EE480A94ED180AFEF76AFF01907B
:10357000BDF804A040F6FF7100209FED411AF0EE67
:10358000480A94ED1A0AFEF75CFF07461FFA80FB13
:1035900040F6FF710020B1EE041AF0EE480A94EDF7
:1035A0001B0AFEF74EFF05461FFA80F800210DF1B9
:1035B0000E00FEF73CFF20844FEA191984F8229090
:1035C000360146EA1B2684F8236084F824704FEA0B
:1035D000181884F825802D0145EA1A2584F826500C
:1035E000019B84F82730224652F8200B0823E188FB
:1035F0000068FFF7DBF905B0BDEC028BBDE8F08F8A
:10360000836D0362C36D4362024652F8200B0823A8
:10361000E1880068FFF7CAF9EDE7C36D036202466F
:1036200052F8200B0423E1880068FFF7BFF9E2E7B6
:10363000836D0362D0ED177A9FED127A67EE877A79
:10364000FCEEE77A17EE903A8384D0ED196A90ED9C
:10365000057AC6EE877A9FED0C7A67EE877AFCEEE4
:10366000E77A17EE903AC384024652F8200B0823FB
:10367000E1880068FFF79AF9BDE700BF000000008D
:103680000000FA430000C84200401C4610B509681B
:10369000104CA14214D0104CA14214D00F4CA142A6
:1036A00014D08280C38037230377322380F82130FF
:1036B000012303760A4A01460A4801F037F810BD93
:1036C00009490160EDE709490160EAE7084901603D
:1036D000E7E700BF00A0004000A4004000D4004085
:1036E000182001087737000890240024582400246B
:1036F00020240024036893F82C20027293F82D20D4
:10370000427293F82E20827293F82F20C27293F89F
:1037100030300373704708B5026901320261FFF768
:10372000E9FF08BD10B582B0037E8DF80030837EBE
:103730008DF80130037F8DF80230437F8DF8033020
:1037400000238DF804308DF805308DF806308DF8A3
:103750000730046808236A46C1882068FFF726F905
:1037600002B010BD10B504462046FFF7DBFF0A206B
:1037700001F036F8F8E708B5FFF7F4FF0E4B1B78B9
:10378000C3B982B00C4B01221A700C4B5B680193D9
:10379000019A0B4B1B689A4203D20A4A1368013301
:1037A0001360064B5A68064B1A60034B00221A70CE
:1037B00002B07047704700BF30450024001000E0A1
:1037C000344500243845002408B5124AD2F8FC30AC
:1037D00043F08073C2F8FC300F4B002159601A6827
:1037E00042F001021A600D4B03FB00F00C4B186015
:1037F0000C4BA3FB00239B090B4A13600B4BA3FB51
:103800000030800C0A4B18600A4B1960FFF7B6FFB6
:1038100008BD00BF00ED00E0001000E040420F00D6
:1038200044450024D34D62104045002483DE1B43F1
:103830003C4500243845002408B5002300E001334E
:10384000074A12789A420AD9064A52F82320D188A8
:103850008142F4D191680029F1D01046884708BD13
:10386000704500244845002408B5002301E00133D9
:10387000DBB20C4A12789A4213D90B4A52F8232031
:1038800011688142F3D190F81CE051684FEA910C25
:10389000012101FA0CF18E45E9D153690BB11046B3
:1038A000984708BDB44500247445002408B5036852
:1038B000A3F20123032B08D8DFE803F002080E145B
:1038C00000F128010A48FFF761FC08BD00F128015A
:1038D0000848FFF75BFCF8E700F128010648FFF70E
:1038E00055FCF2E700F128010448FFF74FFCECE734
:1038F0006046002494470024C8480024FC49002462
:1039000008B50368012B00D008BD00F1280102486A
:10391000FFF774FAF8E700BFBC45002408B5036858
:10392000122B0AD0B3F5807F0DD0112B0AD100F1F4
:1039300028010848FFF7DAFD04E000F128010648F5
:10394000FFF7D4FD08BD00F128010448FFF7E3FEAE
:10395000F8E700BFD44B0024644B0024304E002411
:1039600003460F4A92E8030083E80300AB221A7271
:1039700000225A619A61DA611A625A62AC211975A1
:10398000AD2159759A62DA621A635A639A63AE225C
:1039900083F82820AF2283F829201846704700BFFB
:1039A000901E0108002242618261C261026242628D
:1039B0008262C262026342638263C26302644264DF
:1039C0008264C264026542657047000010B5044617
:1039D000FFF7E8FF04F15800FFF7E4FF194BC4F8C4
:1039E000C830194BC4F8CC30184BC4F8D030184B41
:1039F000C4F8D4304FF40053A4F8D830154BC4F8B1
:103A0000DC30154BC4F8E0300022C4F8E420C4F8E0
:103A1000E8200023C4F8EC3084F8F020042284F875
:103A20001821C4F81C31C4F82031C4F82431C4F87A
:103A30002831C4F82C314FF07E53C4F83031204681
:103A400010BD00BF75A58C3C94273538D9EC023EDB
:103A5000D6A0CC3FCDCC4C440000A04110B50446CC
:103A6000FFF7B4FF04F59A70FFF7B0FF04F51A7082
:103A7000FFF7ACFF04F56770FFF7A8FF04F59A6243
:103A80000023136004F2D442136004F59B621360B8
:103A900004F2DC42136004F59C62136004F2E44219
:103AA0001360204610BD000070B5044600268661F4
:103AB000C66180F8286080F8546000258565C5657A
:103AC000056645668566C566C0F88860C0F88C6086
:103AD00080F8986080F8C460C0F8C850C0F8CC5036
:103AE000C0F8D050C0F8D450C0F8D850C0F8DC505E
:103AF000022380F8F030F430FFF754FF04F5A6708D
:103B0000FFF750FF04F5D270FFF74CFF04F5FE708D
:103B1000FFF748FF1C4BC4F86C324FF07C53C4F8DD
:103B20007032C4F87452C4F87852C4F87C52C4F8A5
:103B30008052C4F88452C4F88852C4F88C5284F875
:103B40009062032384F8913284F89232C4F894523C
:103B5000C4F89852C4F89C52C4F8A052C4F8A452B5
:103B6000C4F8A852C4F8AC52C4F8B052C4F8B45265
:103B7000C4F8B852C4F8BC52C4F8C052C4F8C45215
:103B8000C4F8C852204670BD9A9999BE00220260BE
:103B90004FF4807181800321C180826002730261D1
:103BA00042610276427601218176C27602774277BF
:103BB0008277C27780F82020962280F821207047F3
:103BC00070B504460430FFF7CBFE04F15000FFF758
:103BD000E9FE04F1A800FFF741FF04F5B2630026F7
:103BE0001E60012584F8A85504F2AC50FFF75CFF75
:103BF00004F67800FFF7CAFF04F50A631E6004F6B6
:103C0000A4031E60002384F8A83884F8A958C4F8D7
:103C1000AC58204670BD000008B50248FFF7D0FF41
:103C200008BD00BFB845002408B508490848FEF79C
:103C300069FE08490848FEF765FE08490848FEF78E
:103C400061FE084800F014F808BD00BFAD38000858
:103C5000C403002401390008240300241D3900088E
:103C600084020024B845002408B5FFF7D5FF08BD3D
:103C700010B52DED028B04464FF4F070FFF7A4FD54
:103C8000002301222349201DFFF762F842F2107041
:103C900000F0A6FD9FED208AF0EE485A0021B0EE1C
:103CA000485AF0EE484AB0EE484AF0EE483A9FEDE6
:103CB0001B3AF1EE082AB0EE482AF1EE041AB0EEF3
:103CC000481AF0EE480AB3EE010A04F15000FEF77C
:103CD000A4FC04F2AC5000F0D1FA04F1A80000F00A
:103CE0005FF903234FF480720D4904F67800FFF763
:103CF000CDFC04F50A6383ED008A04F6A40383ED8A
:103D0000008A084A2146084800F010FDBDEC028BED
:103D100010BD00BF24030024000000006F12833A8E
:103D2000840200243C200108993F000830B52DEDA5
:103D3000028B85B004467F238DF809308DF80A3058
:103D40008DF80B308DF80C308DF80D3001228DF888
:103D50000E2000258DF80F508DF801308DF80230BF
:103D60008DF803308DF804308DF805308DF806207D
:103D70008DF8075047E0DFED7E6AF4EEE67AF1EE6B
:103D800010FA7FD804F6A403C3ED006A7AE004F5C4
:103D9000B163784A1A60022384F83D3804F2AC53C8
:103DA000754AC3F8AC22DFED757A28EE278A83EDD9
:103DB000A78A636AA362D4F81A302362002363736C
:103DC00004F2AC53D3EDAF7AF1EE677AC4ED047A26
:103DD00000236361201DFEF7D9FF9DF80F30002BF3
:103DE00040F0BC80012384F89238642384F894382E
:103DF000322384F8953804AA12E90300CDE90001C2
:103E0000012000F0EDFC72B6231D93E8030004AB23
:103E100003E9030062B62DB904AA12E90300CDE953
:103E20000001012504F50A6393ED007A9DF809204D
:103E300008EE102AB8EEC88ADFED516A38EE668ABD
:103E4000DFED507A68EE277A37EE277A83ED007A35
:103E50009DF80A3007EE903AF8EEE77A77EEE67AC8
:103E6000DFED496A67EEA67A04F6A403C3ED007A93
:103E7000DFED466AF4EEE67AF1EE10FAFFF67BAF7C
:103E8000C3ED006A04F2AC5383EDB17A04F6A402E8
:103E90001268C3F8C8229DF80B2007EE102AB8EE6E
:103EA000C77ADFED377A37EE677AB2EE0E6A27EE21
:103EB000067ADFED376A27EE267A04F5AF6282EDE7
:103EC000007A9DF80C2007EE102AB8EEC77A37EE7C
:103ED000C77A27EE067A27EE267A04F27C5282ED24
:103EE000007A9DF80D2007EE102AB8EEC77A77EE1B
:103EF000C77A67EE867A67EEA67A04F5B162C2EDFC
:103F0000007A93ED9E0ADFED237A80EE270AFEF712
:103F10002BFBB1EE400A04F28C5383ED000A9DF8AE
:103F20000E30012B05D0022B0FD0002B7FF441AFB8
:103F30002DE704F5B16300221A60032384F83D38AD
:103F400004F2AC53C3F8AC2233E704F1A80000F04C
:103F5000F5F804F2AC5000F0ABFA2AE7012B03D0DD
:103F6000012384F8923840E7002384F892383CE734
:103F70009A9999BE0000F0419A993141CDCC4C3DBF
:103F80000000FE4217B7D1389A99193B9A99993E89
:103F90000000003CCDCC4C3F08B5FFF7C7FE000049
:103FA00070B52DED028B82B004469FED5E8ADFED89
:103FB0005E8AF0EE485A0021B0EE485AF0EE484AC8
:103FC000B0EE484AF0EE483AB0EE683AF0EE482AD1
:103FD000B0EE482AF0EE481AB0EE481AF0EE480A61
:103FE000B7EE000A5830FEF718FBF0EE485A0021F1
:103FF000B0EE485AF0EE484AB0EE484AF0EE483A81
:10400000B0EE683AF0EE482AB0EE482AF0EE481AD0
:10401000B0EE481AF0EE480AB7EE000A04F5C67092
:10402000FEF7FBFAF0EE485A0021B0EE485AF0EEE7
:10403000484AB0EE484AF0EE483AB0EE683AF0EE40
:10404000482AB0EE482AF0EE481AB0EE481AF0EED0
:10405000480AB7EE000A04F53070FEF7DEFAF0EE1B
:10406000485A0021B0EE485AF0EE484AB0EE484AAD
:10407000F0EE483AB0EE683AF0EE482AB0EE482A40
:10408000F0EE481AB0EE481AF0EE480AB7EE000A11
:1040900004F57D70FEF7C1FADFED248A244D002679
:1040A0000096F3EE040AB0EE680A032301222946C3
:1040B0002046FEF7B3FF0096F3EE040AB0EE680A5E
:1040C00003230222294604F59A70FEF7A7FF009603
:1040D000F3EE040AB0EE680A03231A46294604F5F3
:1040E0001A70FEF79BFF0096F3EE040AB0EE680A22
:1040F00003230422294604F56770FEF78FFF84ED41
:10410000488A84ED958A84EDE28A04F2BC4383ED0B
:10411000008A084A2146084800F008FB02B0BDECBE
:10412000028B70BD000000006F12833A3C3C7C4162
:10413000C403002460200108774200080023C0F86F
:104140002031C0F85432C0F8883300F2BC4003601C
:10415000704710B52DED048B044600F2E443D3ED17
:10416000009AB0EE690A0BF0C7FBF0EE408A04F546
:104170009A6393ED008A20EE089AB0EE690A0BF07C
:10418000FBFB04F2D443D3ED007A20EE277A39EE1C
:10419000479A04F59B6383ED009A28EE008A68EE47
:1041A000A78A38EE288A04F2DC4484ED008ABDEC4C
:1041B000048B10BD00F59B6393ED007ADFED167A5A
:1041C00027EE277A00F2DC43D3ED007ADFED136AA5
:1041D00067EEA67A77EE276A00F59C6393ED006A96
:1041E00076EE866AC0ED486A77EE676A76EE266AF2
:1041F000C0ED956AF1EE476A76EEE76A76EE266ADA
:10420000C0EDE26A77EEC77A77EE867A00F2BC40BC
:10421000C0ED007A704700BFF70435BFF704353FA3
:1042200010B50446FFF71FF804F59A70FFF71BF866
:1042300004F51A70FFF717F804F56770FFF713F825
:104240000823034A4FF400710248FEF7AFFB10BD8C
:1042500010240024C403002410B504462046FFF7B0
:1042600078FF2046FFF7A6FF2046FFF7D9FF012081
:1042700000F0B6FAF2E708B5FFF7EEFFF0B52DED66
:10428000088B83B00446DFED768A9FED768A764F01
:1042900000250095F0EE681AB2EE041AF0EE480A16
:1042A0009FED720A012312223946FFF719F804F133
:1042B00070060095F0EE681AB2EE041AF0EE480AA5
:1042C000B2EE090A0223112239463046FFF708F8F8
:1042D0009FED679A9FED678ADFED678ADFED679A4A
:1042E000F0EE495A2946B0EE485AF0EE484AB0EE90
:1042F000484AF0EE483AB0EE683AF0EE692AB0EE7D
:10430000482AF0EE481AB2EE0E1AF1EE040A9FEDBA
:104310005C0A04F1F400FEF780F9DFED5A5A2946F1
:10432000B0EE485AF0EE484AB0EE484AF0EE483A4D
:10433000B0EE683AF0EE692AB0EE482AF0EE481A7C
:10434000B3EE041AF0EE410A9FED4F0A04F5A67091
:10435000FEF763F99FED4DBADFED4DAA9FED4DAA33
:10436000DFED4D9AF0EE495A2946B0EE485AF0EE8C
:10437000484AB0EE484AF0EE483AB0EE683AF0EEFD
:104380004B2AB0EE082AF0EE6A1A9FED441AF0EEBE
:104390004A0AB0EE690A04F5D270FEF73EF9F0EE73
:1043A000495A2946B0EE485AF0EE484AB0EE484A1B
:1043B000F0EE483AB0EE683AF0EE4B2AB0EE082A3A
:1043C000F0EE6A1A9FED361AF0EE4A0AB0EE690A6C
:1043D00004F5FE70FEF721F9324AC4F8542284ED48
:1043E000968A012384F85C32C4F8602284ED998AAD
:1043F00084F868322046FEF7B7FF3046FEF7B4FF78
:10440000642000F0EDF92046FEF7BAFF3046FEF7D3
:10441000B7FF4FF47A7000F0E3F984ED1A8A84ED67
:10442000368A84ED1B8A84ED378A84ED168A84ED02
:10443000328A84ED178A84ED338A84ED188A84EDFC
:10444000348A2046FFF75AF83046FFF757F8164AE5
:104450002146164800F06AF903B0BDEC088BF0BDA8
:10446000DA2D24410000344284020024D00F494058
:104470000AD7233C000000006F12833A000030424C
:104480000000C8420AD7A33C0000AF4366661E4145
:10449000CDCCCC3D6F12033C8FC2753DCDAFE6381D
:1044A0000F7EE2380865B03D84200108B34600085D
:1044B00010B50446FEF770FF04F17000FEF76CFFC4
:1044C00010BD000038B52DED028B0446D0F8A030A9
:1044D000C0F87C3290ED0C0A80ED9E0A5A4B1B7896
:1044E000002B40F09980584B01221A7080EDAE0AE3
:1044F0000023C0F8B432236DC4F8BC32D4F8C03005
:10450000C4F8C032D4F8A430C4F88432636BC4F861
:104510008032D4F8A830C4F88C32A36BC4F8883247
:1045200004F1F4059FED490A2846FEF793F894ED4F
:10453000B18A94ED9E0ADFED467A80EE270AFEF7F7
:1045400013F8F0EE400AB0EE480AFDF7EBFF2846FC
:10455000FEF783F82846FEF797F894F89132032B7C
:1045600061D0022B67D004F5D27594EDA70A2846D6
:10457000FEF770F894EDA00A94F85C327BB194EDEC
:10458000957A27EE000AF7EE007A77EEC77A94ED77
:10459000967A67EE877A30EE270A84ED960A2846E7
:1045A000FEF75BF82846FEF76FF804F5A67594ED64
:1045B000B20A2846FEF74EF894EDB00A2846FEF7F8
:1045C0004CF82846FEF760F82846FEF740F884EDE0
:1045D000A80A04F5FE752846FEF73CF894EDA10AFA
:1045E00094F868327BB1D4ED987A27EE800AB7EE62
:1045F000007A37EE677AD4ED997A67EE877A30EEF3
:10460000270A84ED990A2846FEF727F82846FEF780
:104610003BF8BDEC028B38BDD0EDAE0AFDF73CFF98
:1046200084EDAD0A67E72846FEF711F8B1EE400ABF
:1046300084EDA70A97E7D4EDA77A94EDAB7A77EEED
:10464000877AC4EDA77A8EE7684E00240000000048
:10465000CDCC4C3F10B5044600F5D270FDF7F7FF06
:1046600084ED180A04F5FE70FDF7F1FF84ED340ABD
:104670002046FEF743FF04F17000FEF73FFF10BD38
:1046800038B50446002511E0D4F89832C4F87432E5
:1046900001252046FFF716FF2046FFF7DBFF01202C
:1046A00000F09EF8D4F89832C4F87432002DEBD0A4
:1046B000EFE708B5FFF7E4FF08B54FF0E0231B690B
:1046C00001F080FC012800D108BD00F0CBF9FBE728
:1046D000EFF305832BB9064B186828B901221A603D
:1046E00070476FF0050070474FF0FF30704700BF14
:1046F00024550024EFF3058373B90A4B1B68012B83
:104700000DD110B50024084BDC77064B02221A604D
:1047100001F082F9204610BD6FF0050070474FF0A0
:10472000FF3070472455002400ED00E0F0B587B05D
:1047300000240594EFF3058404BBF8B1002A34D0BB
:10474000156893692BB11E46013B372B02D9002017
:1047500015E01826536813F0010F3FD1546984B156
:104760004FEA940C93682BB1D7685B2F02D9176975
:1047700007B184B943B14FF0FF330BB3059807B0CD
:10478000F0BD4FF0800CEDE7D368A3B91369ABB16E
:104790004FF0FF33F1E70293019700960B46624614
:1047A000294601F0CBF80590E8E7154600231826C6
:1047B0004FF0800CE1E74FF0FF33DEE70023DCE74A
:1047C00005AB019300960B461FFA8CF2294601F0C7
:1047D000F0F80128D2D000230593CFE70020CEE7E0
:1047E00008B5EFF3058333B908B9002008BD01F01F
:1047F0008DFA0020FAE76FF00500F7E7034B03603E
:10480000034B0B6080231360704700BFC854002423
:10481000C8520024034B0360034B0B604FF48073BA
:10482000136070476C5200246C4E002400F10803A2
:1048300043604FF0FF328260C36003610023036076
:10484000704700230361704743684B609A688A6031
:10485000516099600861036801330360704730B4A8
:104860000D68B5F1FF3F11D000F108031C465B68ED
:104870001A68AA42FAD963684B6099608C606160DB
:10488000086103680133036030BC70470469F2E7D4
:104890000369416882688A60416851605A6882424F
:1048A00006D0002202611A68013A1A60186870473F
:1048B00082685A60F5E7000082B0002301930D4B37
:1048C0001B68B3F1FF3F08D04FF0500383F311880A
:1048D000BFF36F8FBFF34F8FFEE74FF0500383F3AB
:1048E0001188BFF36F8FBFF34F8F019B002BFCD05C
:1048F00002B070478800002408480068006880F310
:1049000008884FF0000080F3148862B661B6BFF3E8
:104910004F8FBFF36F8F00DF00BF000008ED00E096
:10492000DFF80C00016841F470010160704700007D
:1049300088ED00E04FF0807340F8043C21F0010165
:1049400040F8081C054B40F80C3C40F8202C6FF058
:10495000020340F8243C4438704700BFB9480008BF
:10496000074B19680868B0E8F04F80F30988BFF377
:104970006F8F4FF0000080F311887047AFF3008015
:104980008C9600244FF0500383F31188BFF36F8F90
:10499000BFF34F8F0B4A136801331360012B00D014
:1049A00070474FF0E023D3F8043D13F0FF0FF7D02A
:1049B0004FF0500383F31188BFF36F8FBFF34F8F16
:1049C000FEE700BF88000024094B1B6843B94FF085
:1049D000500383F31188BFF36F8FBFF34F8FFEE750
:1049E000013B034A13600BB983F31188704700BF82
:1049F000880000240000000000000000000000000B
:104A0000EFF30980BFF36F8F154B1A681EF0100F7C
:104A100008BF20ED108A20E9F04F10602DE9090051
:104A20004FF0500080F31188BFF34F8FBFF36F8FAB
:104A300001F096F94FF0000080F3118809BC196865
:104A40000868B0E8F04F1EF0100F08BFB0EC108AF5
:104A500080F30988BFF36F8F704700BFAFF300800A
:104A60008C96002408B54FF0500383F31188BFF3F0
:104A70006F8FBFF34F8F01F03BF828B14FF0E02369
:104A80004FF08052C3F8042D002383F3118808BD32
:104A90004FF0E022002313619361054B1B68054929
:104AA000A1FB03139B09013B53610723136170476B
:104AB00004000024D34D62104FF0E023D3F8002D02
:104AC0003D4B9A421CD04FF0E023D3F8002D3B4BD6
:104AD0009A421ED030B583B0394B1A78D2B20192C7
:104AE000FF221A701B78DBB28DF803309DF803307B
:104AF00003F05003334A1370334B07221A601BE054
:104B00004FF0500383F31188BFF36F8FBFF34F8FC4
:104B1000FEE74FF0500383F31188BFF36F8FBFF3AD
:104B20004F8FFEE7284A1368013B13609DF803305E
:104B30005B00DBB28DF803309DF8033013F0800F7B
:104B4000F0D1214B1B68032B08D04FF0500383F3A7
:104B50001188BFF36F8FBFF34F8FFEE71B021A4A16
:104B6000136003F4E0631360019BDBB2144A13701B
:104B70004FF0E024D4F8203D43F47003C4F8203D06
:104B8000D4F8203D43F07043C4F8203DFFF780FF88
:104B900000250E4B1D60FFF7C3FED4F8343F43F0F1
:104BA0004043C4F8343FFFF7A7FE01F0D9F8FFF700
:104BB00083FE284603B030BD71C20F4170C20F4161
:104BC00000E400E02C55002428550024880000242F
:104BD000EFF305830F2B0ED9114A9A5C114B1B780A
:104BE0009A4208D24FF0500383F31188BFF36F8FBE
:104BF000BFF34F8FFEE74FF0E023D3F80C3D03F4F3
:104C0000E063094A1268934208D94FF0500383F3D6
:104C10001188BFF36F8FBFF34F8FFEE7704700BF60
:104C2000F0E300E02C55002428550024124A12F02D
:104C3000070F1ED0D11D21F00701C1F57053134499
:104C40000A460E480260002141601344083B23F0ED
:104C500007030B48036059601960991A516013608B
:104C6000084B1960084B1960084B4FF000421A605E
:104C700070474FF47053E4E7505500244855002422
:104C8000445500243C550024405500243055002450
:104C9000164B1A461B688342FBD3516802EB010C8A
:104CA000844509D0416800EB010C634509D00360DD
:104CB000904219D01060704740680144516010461E
:104CC000F0E710B40A4C2468A3420BD05B68194487
:104CD000416013681B680360904200D010605DF86B
:104CE000044B70470460F7E7704700BF4855002445
:104CF0004455002438B5044600F0ECFE384B1B68E0
:104D0000B3B1384B1B681C4250D1002C50D004F179
:104D1000080214F0070F02D022F007020832002A1E
:104D200055D0314B1B68934253D330490C6804E093
:104D3000FFF77CFFE5E721461C466368934202D2F9
:104D40002368002BF7D1264B1B68A34243D00D6884
:104D5000083523680B6063689B1A102B10D9A018C4
:104D600010F0070F08D04FF0500383F31188BFF302
:104D70006F8FBFF34F8FFEE743606260FFF788FFDE
:104D8000626819490B689B1A0B60194909688B42C4
:104D900001D217490B60134B1B6813436360002358
:104DA0002360144A13680133136002E0002500E019
:104DB000002500F02DFF15F0070F0ED04FF0500327
:104DC00083F31188BFF36F8FBFF34F8FFEE700258A
:104DD000EFE70025EDE70025EBE7284638BD00BFEB
:104DE00044550024305500244055002448550024E3
:104DF0003C55002438550024002834D038B50446EA
:104E0000A0F1080550F8043C174A1268134208D173
:104E10004FF0500383F31188BFF36F8FBFF34F8FB1
:104E2000FEE750F8081C41B14FF0500383F311889E
:104E3000BFF36F8FBFF34F8FFEE723EA020340F803
:104E4000043C00F047FE54F8041C084A13680B4465
:104E500013602846FFF71CFF054A136801331360EF
:104E600000F0D6FE38BD7047305500244055002470
:104E70003455002410B50446FFF784FDA26BE36BA4
:104E80009A4204D00024FFF79FFD204610BD012464
:104E9000F9E710B50446FFF775FDA36B23B90124AC
:104EA000FFF792FD204610BD0024F9E770B50446D7
:104EB0001546866B026C5AB903681BB10020013697
:104EC000A66370BD806801F08DF80023A360F6E74B
:104ED0006DB94068FBF7F2FF6368226C13446360AE
:104EE000A268934219D3236863602846E7E7C06845
:104EF000FBF7E4FFE368226C51429B1AE3602268EF
:104F0000934202D2A3680B44E360022D01D000203B
:104F1000D5E726B1013E0020D1E72846CFE70020A3
:104F2000CDE70346026C6AB110B50846D968114452
:104F3000D9609C68A14201D31968D960D968FBF790
:104F4000BDFF10BD704738B50546FFF71BFD95F84E
:104F5000454064B201E0013C64B2002C0ADD6B6A9A
:104F600043B105F1240000F08FFF0028F3D001F0D9
:104F700023F8F0E7FF2385F84530FFF725FDFFF71D
:104F800001FD95F8444064B201E0013C64B2002C9C
:104F90000ADD2B6943B105F1100000F075FF002810
:104FA000F3D001F009F8F0E7FF2385F84430FFF76C
:104FB0000BFD38BD38B5E0B10D460446FFF7E2FC05
:104FC0002368E26B216C01FB0230A0600020A0632B
:104FD0006360013A02FB0133E360FF2384F844304D
:104FE00084F84530FDB9236963B9FFF7EDFC012072
:104FF00038BD4FF0500383F31188BFF36F8FBFF3B9
:105000004F8FFEE704F1100000F03EFF0028ECD0C7
:105010004FF0E0234FF08052C3F8042DBFF34F8FC1
:10502000BFF36F8FE1E704F11000FFF7FFFB04F11E
:105030002400FFF7FBFBD8E7F8B505461E46069CA3
:105040000F4679B92460E563276401212046FFF704
:10505000B1FF84F84C6033463A462946732001F08C
:1050600047FDF8BD2260EEE740B94FF0500383F3EF
:105070001188BFF36F8FBFF34F8FFEE710B584B079
:105080001C4683B10B1E18BF0123002A08BF43F042
:1050900001038BB94FF0500383F31188BFF36F8F77
:1050A000BFF34F8FFEE74FF0500383F31188BFF338
:1050B0006F8FBFF34F8FFEE7B1FA81F35B09002AD0
:1050C00018BF43F0010343B94FF0500383F3118835
:1050D000BFF36F8FBFF34F8FFEE750230393039B04
:1050E000502B08D04FF0500383F31188BFF36F8F1C
:1050F000BFF34F8FFEE7039B012384F846300094F3
:105100009DF81830FFF798FF204604B010BDF0B5A9
:1051100087B0039288B10E461D460446B1B1022DF8
:1051200020D1E36B012B1DD04FF0500383F3118886
:10513000BFF36F8FBFF34F8FFEE74FF0500383F342
:105140001188BFF36F8FBFF34F8FFEE7036C002B07
:10515000E5D04FF0500383F31188BFF36F8FBFF397
:105160004F8FFEE700F02EFF074658B9039B002B38
:105170005CD04FF0500383F31188BFF36F8FBFF300
:105180004F8FFEE7002751E0204601F095FA0146D7
:105190000095039B32465A2001F0E4FC2A46314632
:1051A0002046FFF783FE636A7BB948B14FF0E023E6
:1051B0004FF08052C3F8042DBFF34F8FBFF36F8FB2
:1051C000FFF702FC012007B0F0BD04F1240000F05D
:1051D0005BFE0028F4D04FF0E0234FF08052C3F87C
:1051E000042DBFF34F8FBFF36F8FE9E7FFF7ECFBA1
:1051F000204601F061FA01460095039B32465A2091
:1052000001F0B0FC0020DEE704A800F085FE0127D5
:1052100019E0002384F8443021E0002384F845306D
:1052200023E02046FFF78FFE00F0F2FCFFF7AAFB19
:10523000A26BE36B9A42A7D3022DA5D0039B002B50
:10524000D4D0002FE0D0FFF7BFFB00F043FCFFF706
:1052500099FB94F8442052B2B2F1FF3FD9D094F8B0
:10526000452052B2B2F1FF3FD7D0FFF7ADFB03A903
:1052700004A800F05DFED8B92046FFF7FBFD00282A
:10528000CFD0039904F1100000F0C6FD2046FFF7CF
:105290005AFE00F0BDFC0028C8D14FF0E0234FF0CB
:1052A0008052C3F8042DBFF34F8FBFF36F8FBDE75C
:1052B0002046FFF748FE00F0ABFC204601F0FCF969
:1052C00001460095039B32465A2001F04BFC00201A
:1052D00079E72DE9F84390B10F4616461C4605467E
:1052E000B1B1022C20D1EB6B012B1DD04FF050033C
:1052F00083F31188BFF36F8FBFF34F8FFEE74FF03B
:10530000500383F31188BFF36F8FBFF34F8FFEE716
:10531000036C002BE5D04FF0500383F31188BFF3EB
:105320006F8FBFF34F8FFEE7FFF752FCEFF311894A
:105330004FF0500383F31188BFF36F8FBFF34F8F8C
:10534000AA6BEB6B9A4201D3022C2BD195F84580C6
:105350004FFA88F8AB6B284601F0AEF901463246A9
:10536000602001F083FB224639462846FFF79EFD68
:10537000B8F1FF3F09D008F101035BB285F8453071
:10538000012089F31188BDE8F8836B6A0BB901200D
:10539000F7E705F1240000F077FD68B176B1012050
:1053A0003060EEE7284601F087F90146324660207A
:1053B00001F05CFB0020E4E70120E2E70120E0E7E8
:1053C000F0B587B0039290B10F460446C1B100F02A
:1053D000F9FD064600BB039B002B7CD04FF0500329
:1053E00083F31188BFF36F8FBFF34F8FFEE74FF04A
:1053F000500383F31188BFF36F8FBFF34F8FFEE726
:10540000036C002BE3D04FF0500383F31188BFF3FC
:105410006F8FBFF34F8FFEE700265CE039462046D2
:10542000FFF77FFD204601F047F90646002001F016
:1054300043F9024601230093039B31465C2001F0AF
:1054400091FB013DA563236923B9FFF7BDFA012054
:1054500007B0F0BD04F1100000F016FD0028F4D0F4
:105460004FF0E0234FF08052C3F8042DBFF34F8F6D
:10547000BFF36F8FE9E7FFF7A7FA204601F01CF9A9
:105480000446002001F018F9024601230093039B13
:1054900021465C2001F066FB0020D9E704A800F05B
:1054A0003BFD012621E0002384F8443029E000235D
:1054B00084F845302BE02046FFF745FD00F0A8FBBF
:1054C00009E02046FFF73FFD00F0A2FB2046FFF772
:1054D000E0FC00283FD1FFF755FAA56B002D9DD1C8
:1054E000039B002BC7D0002ED8D0FFF76DFA00F039
:1054F000F1FAFFF747FA94F844305BB2B3F1FF3F9B
:10550000D1D094F845305BB2B3F1FF3FCFD0FFF775
:105510005BFA03A904A800F00BFD0028D1D12046B6
:10552000FFF7B7FC0028C6D0039904F1240000F06F
:1055300073FC2046FFF707FD00F06AFB0028CAD184
:105540004FF0E0234FF08052C3F8042DBFF34F8F8C
:10555000BFF36F8FBFE7204601F0AEF8044600208E
:1055600001F0AAF8024601230093039B21465C2028
:1055700001F0F8FA00206BE710B50C460023072B6A
:1055800012D80A4A52F833200AB10133F7E7074A22
:1055900042F8334002EBC302506001F08DF801463F
:1055A0002246712001F062FA10BD00BF5091002424
:1055B00070B504460D461646FFF7E4F994F84430FA
:1055C0005BB2B3F1FF3F0DD094F845305BB2B3F15D
:1055D000FF3F0BD0FFF7F8F9A36B5BB12046FFF755
:1055E000B2FC70BD002384F84430EDE7002384F85A
:1055F0004530EFE73246294604F1240000F024FC50
:10560000ECE70000084B1B681B6823B9074B4FF001
:10561000FF321A607047044B1B68DB68DB685A680E
:10562000024B1A60704700BF00920024989100243A
:105630002DE9F04780460D4617469946089EDDF84D
:1056400024A00A9C9200A521206B0CF0F1FA236B98
:105650006FF040423A4403EB820727F00707A5B3F7
:105660004FF0000CBCF10F0F09D815F80C3004EB0B
:105670000C0282F8343013B10CF1010CF2E7002374
:1056800084F84330372E00D93726E662E6640025D9
:105690002565201DFFF7D5F804F11800FFF7D1F8B4
:1056A0002461C6F13806A6616462656584F85850C5
:1056B0004A4641463846FFF73DF92060BAF1000FEF
:1056C00001D0CAF80040BDE8F087002384F83430E8
:1056D000D8E7000038B5002407E004EB840293000B
:1056E0000E481844FFF7A2F80134372CF5D90C4DB9
:1056F0002846FFF79BF80B4C2046FFF797F80A481F
:10570000FFF794F80948FFF791F80948FFF78EF87A
:10571000084B1D60084B1C6038BD00BF2C92002454
:105720001892002404920024E8910024D4910024CB
:10573000BC91002400920024FC91002410B582B09A
:105740000446FFF71FF92B4A1368013313602A4BF5
:105750001B685BB1294B1B686BB9274B1B68DA6A66
:10576000E36A9A4207D8244B1C6004E0224B1C6079
:105770001368012B3BD0224A136801331360636422
:1057800064B1204601F00EFB236B2268D21A00920E
:10579000E26A04F13401204601F0E6FB204601F004
:1057A00049FBE06A174B1B68984201D9154B1860FA
:1057B00000EB8000211D144B03EB8000FFF744F841
:1057C000FFF702F90D4B1B687BB10B4B1B68DA6AC4
:1057D000E36A9A4209D24FF0E0234FF08052C3F8B7
:1057E000042DBFF34F8FBFF36F8F02B010BDFFF7D3
:1057F00071FFC0E7B89100248C960024AC9100247E
:105800009C910024B09100242C92002410B50446F1
:1058100090F8593063B1012B11D0022B0ED04FF00C
:10582000500383F31188BFF36F8FBFF34F8FFEE7F1
:10583000006BFFF7E1FA2046FFF7DEFA10BDFFF735
:10584000DBFAFBE70F4B1B68D3B110B5FFF79AF8F3
:105850000D4BDB68DC68201DFFF71AF80B4A136854
:10586000013B1360074A1368013B1360FFF7ACF874
:105870002046FFF7CBFF034B1B68002BE6D110BD82
:10588000704700BFD0910024D4910024B891002427
:1058900008B5FFF7D7FF074B1B68012BF9D94FF06D
:1058A000E0234FF08052C3F8042DBFF34F8FBFF3B6
:1058B0006F8FEEE72C92002470B504460D46194B0D
:1058C0001E68194B18680430FEF7E2FFB4F1FF3F81
:1058D00014BF00230123002D08BF00236BB93444FB
:1058E000114B1B685C60A6420ED9104B18680E4B1A
:1058F00019680431FEF7B3FF70BD0B4B1968043112
:105900000B48FEF7A1FFF7E70A4B1868064B19682A
:105910000431FEF7A4FF084B1B68A342ECD9064BE9
:105920001C60E9E7B49100248C960024FC910024CB
:10593000BC910024009200249891002430B587B0D7
:105940000B9C7CB10C9DB5B15C250495049D5C2D30
:105950001AD04FF0500383F31188BFF36F8FBFF35A
:105960004F8FFEE74FF0500383F31188BFF36F8F23
:10597000BFF34F8FFEE74FF0500383F31188BFF35F
:105980006F8FBFF34F8FFEE7049D0C9D2C630224A5
:1059900085F8594000240394029505AC01940A9CB3
:1059A0000094FFF745FE0C98FFF7C8FE059807B076
:1059B00030BD2DE9F04385B00746884614461E46A3
:1059C0009000FFF797F908B381465C20FFF792F942
:1059D0000546A8B1C0F83090002380F859300393F1
:1059E00002900D9B01930C9B009333462246414647
:1059F0003846FFF71DFE2846FFF7A0FE012007E00E
:105A00004846FFF7F9F94FF0FF3001E04FF0FF3063
:105A100005B0BDE8F083000010B588B000240594FF
:105A2000069407AA06A905A8FEF7E8FE059B0293BF
:105A3000069B019300942346079A1F491F48FFF7CE
:105A40007DFF1F4B186020B300F08CFB012821D193
:105A50004FF0500383F31188BFF36F8FBFF34F8F65
:105A6000184B4FF0FF321A60174B01221A60174B88
:105A700000221A60164B186805220F4934300CF0CA
:105A8000A9F860B1124B186801F0B0F9FFF714F8EB
:105A900003E00020B0F1FF3F04D008B010BD01F0DA
:105AA0006DF9F3E74FF0500383F31188BFF36F8F65
:105AB000BFF34F8FFEE700BF701F01089158000829
:105AC0009491002498910024AC910024B491002476
:105AD0008C960024024A136801331360704700BF9C
:105AE00090910024014B1868704700BFB4910024C6
:105AF000F8B53C4B1B68002B6CD13B4B1D68013546
:105B00001D60C5B9394B1B681B6843B14FF050038A
:105B100083F31188BFF36F8FBFF34F8FFEE7334AD4
:105B20001168334B186810601960324A13680133EA
:105B30001360FFF767FD304B1B68AB4240D900276D
:105B40002E4B1B68DB6A03EB83039A002C4B9B589C
:105B5000012B00D901272B4B1B68002B3FD00127BD
:105B60003DE00127214B1B681B685BB31F4B1B6883
:105B7000DB68DC6863689D4229D3261D3046FEF74A
:105B800087FEA36A1BB104F11800FEF781FE2046D0
:105B900001F050F9E36A1C4A1268934201D91A4A8B
:105BA000136003EB83039A00314615481044FEF757
:105BB0004BFEE26A114B1B68DB6A9A42D1D2D1E7F5
:105BC0000027CFE70C4B4FF0FF321A60B8E70A4AC4
:105BD0001360B5E70D4A1368013313600027384698
:105BE000F8BD00BF90910024B491002400920024DD
:105BF000FC910024A0910024989100248C9600240C
:105C00002C920024A4910024B0910024A891002497
:105C100038B5364B1B6843B94FF0500383F31188F6
:105C2000BFF36F8FBFF34F8FFEE7FEF7ABFE2F4B37
:105C30001A68013A1A601B68002B52D12C4B1B6862
:105C40000BB900244EE000242A4B1B6833B3294BC8
:105C5000DB68DC6804F11800FEF71AFE251D2846F3
:105C6000FEF716FE204601F0E5F8E06A224B1B68BD
:105C7000984201D9204B186000EB800029461F4B49
:105C800003EB8000FEF7E0FDE26A1D4B1B68DB6A58
:105C90009A42D9D31B4B01221A60D5E70CB1FFF70A
:105CA000B1FC194B1C6884B9164B1C68D4B14FF079
:105CB000E0234FF08052C3F8042DBFF34F8FBFF3A2
:105CC0006F8F01240EE0013C07D0FFF711FF002881
:105CD000F9D00C4B01221A60F5E70B4B00221A6039
:105CE000E2E70024FEF770FE204638BD90910024C4
:105CF000B8910024E8910024B09100242C92002453
:105D00008C960024A4910024A891002410B5C8B159
:105D10000446124B1B6843B14FF0500383F31188C4
:105D2000BFF36F8FBFF34F8FFEE7FFF7D3FE214620
:105D3000232000F07BFE00212046FFF7BDFDFFF78A
:105D400067FF48B94FF0E0234FF08052C3F8042DAD
:105D5000BFF34F8FBFF36F8F10BD00BF9091002432
:105D600008B5274B1B681BB1264B01221A6008BDE2
:105D7000244B00221A60244B1B6803EB8302920021
:105D800022498A585AB90BB1013BF6E74FF050034C
:105D900083F31188BFF36F8FBFF34F8FFEE7084681
:105DA00003EB830201EB820251684968516003EB07
:105DB0008302920008320244914216D003EB830121
:105DC000124A02EB81025268D168114A11600E49F1
:105DD0000B60106805220F4934300BF0FBFE60B1F8
:105DE0000B4B186801F002F8C1E7486803EB830128
:105DF000064A02EB81025060E0E700F0BFFFB6E721
:105E000090910024A4910024B09100242C920024AD
:105E10008C960024701F010858B110B50C46094A31
:105E200011681831FEF71BFD01212046FFF744FDE4
:105E300010BD4FF0500383F31188BFF36F8FBFF392
:105E40004F8FFEE78C96002438B588B10D46144676
:105E50000C4A11681831FEF7F7FC0CB14FF0FF3512
:105E6000242000F0CFFD21462846FFF725FD38BD50
:105E70004FF0500383F31188BFF36F8FBFF34F8F41
:105E8000FEE700BF8C96002438B5C368DC683CB3DD
:105E900004F118052846FEF7FBFC194B1B6843BBB1
:105EA000251D2846FEF7F4FC204600F0C3FFE06AFB
:105EB000144B1B68984201D9124B186000EB80000C
:105EC0002946114B03EB8000FEF7BEFCE26A0F4B44
:105ED0001B68DB6A9A4211D901200D4B186038BD4E
:105EE0004FF0500383F31188BFF36F8FBFF34F8FD1
:105EF000FEE729460748FEF7A7FCE7E70020EEE7A4
:105F000090910024B09100242C9200248C960024BF
:105F1000A4910024E8910024034B1B680360034B09
:105F20001B684360704700BFA0910024B491002417
:105F3000E0B170B50C46054609B3FEF723FD1C4BD6
:105F400019686B68C81A2268B2F1FF3F28D0DFF8E1
:105F500064C0DCF800C02E68664501D08B4224D9AD
:105F6000824215D80023236001241AE04FF0500329
:105F700083F31188BFF36F8FBFF34F8FFEE74FF0AE
:105F8000500383F31188BFF36F8FBFF34F8FFEE78A
:105F90005B1A134423602846FFF7BEFF002400E08D
:105FA0000024FEF711FD204670BD0124F9E700BF73
:105FB000B4910024A0910024014B01221A60704783
:105FC000A4910024054B1B6833B1054B1B680BB132
:105FD000002070470220704701207047AC910024D8
:105FE00090910024002843D038B50446224B1B680A
:105FF000834208D04FF0500383F31188BFF36F8FB3
:10600000BFF34F8FFEE7036D43B94FF0500383F3A7
:106010001188BFF36F8FBFF34F8FFEE7013B03651E
:10602000C16AC26C914225D00BB1002038BD051D5C
:106030002846FEF72DFC21464A2000F0F7FCE36CD1
:10604000E362C3F13803A361204600F0F3FEE06A87
:106050000A4B1B68984201D9084B186000EB80007E
:106060002946074B03EB8000FEF7EEFB0120DDE73E
:10607000002070470020D9E78C960024B0910024BE
:106080002C920024064B1A6813682BB90123036075
:1060900023B9D368186870470023F8E700207047D9
:1060A0009097002408B54160006191420CD8D21A43
:1060B00083699A4201D3012008BD011D0B4B18686A
:1060C000FEF7CDFB0020F7E79A422CBF0022012209
:1060D000994238BF00220AB10120EDE7011D044BAF
:1060E0001868FEF7BCFB0020E6E700BF8C97002491
:1060F0009097002430B583B0FEF744FC114B1B6829
:106100001BB1FEF761FC03B030BD0F4D2846FEF712
:106110008DFB0E4C2046FEF789FB0D4B1D600D4B91
:106120001C60002300930C4B0C4A10210A20FEF740
:106130009BFF044B18600028E3D00949FFF71CFAC5
:10614000DFE700BF88970024A897002494970024D5
:10615000909700248C97002490960024E0960024C9
:10616000781F010810B588B0FFF7C4FF124B1B68F9
:10617000CBB100240594069407AA06A905A8FEF74A
:1061800049FB059B0293069B019302230093234640
:10619000079A0A490A48FFF7D1FB0A4B186010B169
:1061A000012008B010BD4FF0500383F31188BFF3F6
:1061B0006F8FBFF34F8FFEE788970024801F010881
:1061C000CD64000884970024B8B19C460346184863
:1061D000006858B300B585B000910192029305297B
:1061E0001CDCFFF7EFFE022810D000231A46694698
:1061F0000F480068FEF78BFF15E04FF0500383F364
:106200001188BFF36F8FBFF34F8FFEE70023069A0D
:10621000694607480068FEF77AFF04E000236246FB
:106220006946FFF756F805B05DF804FB002070479B
:106230008897002470B582B01B4B1B681A6862B344
:10624000DB681E68DC68251D2846FEF721FB236AF3
:106250002046984794F8283013F0040FECD0A36937
:1062600033449E4207D26360246129460E4B18686E
:10627000FEF7F5FAE0E7002100910B463246204692
:10628000FFF7A2FF0028D7D14FF0500383F3118806
:10629000BFF36F8FBFF34F8FFEE7044A10680249C8
:1062A0000860136002B070BD909700248C970024A2
:1062B00038B50546FFF716FC0446074B1B688342BA
:1062C00005D800232B60044B1C60204638BDFFF727
:1062D000B1FF01232B60F6E78097002470B582B0F0
:1062E00006460D4617490968C968CC68201DFEF7A7
:1062F000CFFA94F828C01CF0040F08D12CF0010C40
:1063000084F828C0236A2046984702B070BDA1696E
:1063100033462A4631442046FFF7C4FE0028F1D018
:10632000002100910B4632462046FFF74DFF002822
:10633000E8D14FF0500383F31188BFF36F8FBFF3A1
:106340004F8FFEE79097002470B582B006460C464A
:10635000FFF7C0FB01A8FFF7ABFF019B3BBB054666
:10636000B04228BF002C19D024B1134A1268126819
:10637000DAB901242246711B104B1868FFF718F98F
:10638000FFF746FCA8B94FF0E0234FF08052C3F866
:10639000042DBFF34F8FBFF36F8F0AE0FFF738FC78
:1063A00029463046FFF79AFF03E01C46E2E7FFF775
:1063B0002FFC02B070BD00BF8C970024889700248A
:1063C00010B588B002E0049B002B0FDA002204A96C
:1063D0003D4B1868FEF7F4FF002872D0049B002B99
:1063E000F1DA07990698059B9847ECE7069C6369E4
:1063F00013B1201DFEF74CFA03A8FFF759FF024620
:10640000049B092BE2D8DFE803F00505052F364E83
:1064100005052F3694F8283043F0010384F828301E
:10642000059BA16919442046FFF73CFE0028CDD00A
:10643000236A2046984794F8283013F0040FC5D0FB
:10644000A269002100910B46059802442046FFF7FF
:10645000BBFE0028BAD14FF0500383F31188BFF37D
:106460006F8FBFF34F8FFEE794F8283023F00103BE
:1064700084F82830AAE794F8283043F0010384F820
:1064800028300599A16129B1034601442046FFF750
:1064900009FE9BE74FF0500383F31188BFF36F8F22
:1064A000BFF34F8FFEE794F8283013F0020F04D0AB
:1064B00023F0010384F8283088E72046FEF79CFC8F
:1064C00084E708B010BD00BF8897002400B583B0F2
:1064D00001A8FFF7D7FD0199FFF736FFFFF770FF1F
:1064E000F6E7000010B5154CA822002120460BF05D
:1064F0009FFB032323616361114AA261114BE36196
:106500004FF4806323620023A3626362E362226626
:106510000D4A62661022A2662367E3666367BFF3D3
:106520005F8F06E0C3F10F020849895C034AD1542A
:1065300001330F2BF6D9BFF35F8F10BDCC9B002426
:10654000881F0108CC970024BC970024A8200108CC
:106550002DE9F047044688469146244B1B78532B7F
:1065600018D104EB4402214B03EBC2031F6FDD6E15
:10657000AF4212D80026ED1B4D4528BF4D463DBB0E
:106580002EB104EB4404194B03EBC4031F673046E0
:10659000BDE8F087FFF7A6FFE3E71346134A02EBD7
:1065A000C30ADAF86860F61B4E4528BF4E46DAF893
:1065B0006410324639444046FAF780FCB044A9EBF7
:1065C00006093744DAF86830BB42D4D10027D2E755
:1065D00004EB4402054B03EBC203596E2A463944CF
:1065E0004046FAF76BFC2E442F44C9E7CC9B0024AD
:1065F000844631B100B58E460130802A14D87346E6
:1066000007E0002300F8013B7047013300F8012B3D
:106610000A46511E12B11A78002AF6D1A3EB0E03D6
:106620008CF800305DF804FB8022E8E70730704703
:1066300010B584B001238DF80430184B5B690DF15F
:10664000050204E063F07F0102F8011BDB097F2BE8
:10665000F8D802F8013B124B5C68104BDB68E31A78
:1066600004E063F07F0102F8011BDB097F2BF8D8FF
:1066700002F8013B01A9521A084B5878F9F728FE95
:1066800030B1064BDC601A78013A1A7004B010BDC4
:10669000024A536901335361F8E700BF5C9D00244F
:1066A000001000E008B5034B1B6A13B15B6803B12F
:1066B000984708BD5C9D0024014B1B69C01A7047B8
:1066C0005C9D002410B5064B1C6824B910BD98478A
:1066D0002469002CFAD0E368002BF8D1F8E700BF5A
:1066E000589D002410B5EFF311844FF0200181F381
:1066F00011880B48FFF79AFF0A4B1B78014604E00C
:1067000063F07F0201F8012BDB097F2BF8D801F839
:10671000013B1B2200F0B0F884F3118810BD00BFCC
:10672000749C0024579D002438B5294D01232B70FB
:10673000EFF311844FF0200181F311880A222549DB
:106740006878F9F7C5FD84F311880A2000F05AF93A
:10675000EFF311844FF0200181F311881E48FFF7F9
:1067600065FF6A68034604E062F07F0103F8011BDD
:10677000D2097F2AF8D803F8012B154A926804E061
:1067800062F07F0103F8011BD2097F2AF8D803F8D1
:10679000012B0F4A126904E062F07F0103F8011B2C
:1067A000D2097F2AF8D8194601F8022B00225A7024
:1067B000182200F061F884F31188054B5B6A03B17D
:1067C000984700F07DF9FFF76DFFFFF78BFF38BDAD
:1067D0005C9D0024BC200108749C002400B583B09B
:1067E00001220DF10701234B187EFFF7B1FE08B31C
:1067F0009DF80730072B0AD85AB282B35A1E062AD0
:106800002DD8DFE802F0151A1D20232629007F2B42
:1068100010D0802B23D101220DF10701154B187EDA
:10682000FFF796FE30B19DF8070000F027FB01E06E
:10683000FFF77AFF03B05DF804FB00F0D9F9F9E740
:1068400000F03EF9F6E7FFF72DFFF3E700F0ECF973
:10685000F0E7FFF747FFEDE7FFF734FFEAE713F054
:10686000800FE7D001220DF10701024B187EFFF7E0
:106870006FFEDFE75C9D002470B506460C461546AA
:106880005D4B1B78012B04D0002B00F09480022B71
:106890000ED01F2D13D8584BDB69EB4013F0010FBE
:1068A00040F08980172D0AD8711E06F8015C17E0A8
:1068B000FFF7BEFE504B1B78012B7CD1E9E7A31BF1
:1068C0007F2B1CD9C3F3C71206F8012CB21E63F04C
:1068D0007F0306F8023C7E2D15D8511E02F8015C9C
:1068E000464B5D68444BDB68EB1A7F2B59D9224637
:1068F00063F07F0002F8010BDB091446F5E7721E16
:1069000006F8013CE7E7B5F5804F09D2C5F3C71398
:1069100002F8013C911E65F07F0502F8025CDFE79A
:10692000B5F5001F0ED2C5F3873302F8013CEB0921
:1069300063F07F0302F8023CD11E65F07F0502F888
:10694000035CCDE7B5F1805F13D2C5F3475302F87E
:10695000013CAB0B63F07F0302F8023CEB0963F0F0
:106960007F0302F8033C111F65F07F0502F8045C09
:10697000B6E72B0F02F8013C6B0D63F07F0302F8C2
:10698000023CAB0B63F07F0302F8033CEB0963F0BE
:106990007F0302F8043C511F65F07F0502F8055C97
:1069A0009EE704F8013B621A134B5878F9F790FC04
:1069B000A0B1114BDD60104B1B7E114A03EB43016C
:1069C00002EBC101C96E03EB430302EBC302136F79
:1069D000994202D0084B9B782BB170BD064A1378C0
:1069E00001331370E7E7044C0123A370FFF7F6FEB1
:1069F0000023A370F1E700BF5C9D0024001000E0BD
:106A0000CC9B002438B50446EFF311854FF02001EC
:106A100081F311880448FFF709FE01462246FFF77B
:106A20002BFF85F3118838BD749C002470B5064691
:106A30000C46EFF311854FF0200181F311880A48CD
:106A4000FFF7F4FD014604E064F07F0301F8013B29
:106A5000E4097F2CF8D801F8014B3246FFF70CFF10
:106A600085F3118870BD00BF749C0024F8B50646FC
:106A70000F461446EFF311854FF0200181F3118882
:106A80000E48FFF7D3FD014604E067F07F0301F8ED
:106A9000013BFF097F2FF8D801F8017B04E064F087
:106AA0007F0301F8013BE4097F2CF8D801F8014B82
:106AB0003246FFF7E1FE85F31188F8BD749C00248F
:106AC00008B5094B1B6A43B11B6833B198470A46A6
:106AD00001460D20FFF7CAFF08BD044B59680C2082
:106AE000FFF7A4FFF8E700BF5C9D0024001000E062
:106AF0002DE9F0410646884617461C46EFF31185FE
:106B00004FF0200181F311881548FFF78FFD0146F2
:106B100005E068F07F0301F8013B4FEAD818B8F1AF
:106B20007F0FF6D801F8018B04E067F07F0301F8CE
:106B3000013BFF097F2FF8D801F8017B04E064F0E6
:106B40007F0301F8013BE4097F2CF8D801F8014BE1
:106B50003246FFF791FE85F31188BDE8F08100BF52
:106B6000749C00242DE9F8430646894690461F464A
:106B7000089CEFF311854FF0200181F311881B4829
:106B8000FFF754FD014605E069F07F0301F8013B82
:106B90004FEAD919B9F17F0FF6D801F8019B05E04A
:106BA00068F07F0301F8013B4FEAD818B8F17F0F76
:106BB000F6D801F8018B04E067F07F0301F8013B90
:106BC000FF097F2FF8D801F8017B04E064F07F0310
:106BD00001F8013BE4097F2CF8D801F8014B32465B
:106BE000FFF74AFE85F31188BDE8F883749C002402
:106BF00010B5EFF311844FF0200181F3118808489C
:106C0000FFF714FD074B1B7813B984F3118810BDEF
:106C10000B220146FFF730FE024B00221A70F4E708
:106C2000749C00245C9D002410B5EFF311844FF098
:106C3000200181F311881A48FFF7F8FC194B5A68B4
:106C4000034604E062F07F0103F8011BD2097F2AAA
:106C5000F8D803F8012B134A926804E062F07F0130
:106C600003F8011BD2097F2AF8D803F8012B0D4A3B
:106C7000126904E062F07F0103F8011BD2097F2A48
:106C8000F8D8194601F8022B00225A701822FFF793
:106C9000F3FD84F31188034B5B6A03B1984710BD81
:106CA000749C00245C9D002470B50646EFF31185AA
:106CB0004FF0200181F311882E48FFF7B7FC0446FE
:106CC00033682D4A12699B1A04E063F07F0200F8D2
:106CD000012BDB097F2BF8D800F8013BB36804E0F7
:106CE00063F07F0200F8012BDB097F2BF8D800F856
:106CF000013B20227168FFF77BFC014609222046F8
:106D0000FFF7BAFD33681C4A12699B1A214604E05A
:106D100063F07F0201F8012BDB097F2BF8D801F823
:106D2000013BF36804E063F07F0201F8012BDB090B
:106D30007F2BF8D801F8013B336904E063F07F0250
:106D400001F8012BDB097F2BF8D801F8013B7369AF
:106D500004E063F07F0201F8012BDB097F2BF8D8F8
:106D600001F8013B15222046FFF786FD85F31188C7
:106D700070BD00BF749C00245C9D002410B5EFF32F
:106D800011844FF0200181F311880548FFF74EFC74
:106D900001461122FFF770FD84F3118810BD00BF7A
:106DA000749C002438B50446EFF311854FF02001A0
:106DB00081F311880B48FFF739FC0B4B1B69E31A71
:106DC000014604E063F07F0201F8012BDB097F2B11
:106DD000F8D801F8013B0822FFF74EFD85F3118832
:106DE00038BD00BF749C00245C9D002438B5044667
:106DF000EFF311854FF0200181F311880B48FFF765
:106E000015FC0B4B1B69E31A014604E063F07F029B
:106E100001F8012BDB097F2BF8D801F8013B042294
:106E2000FFF72AFD85F3118838BD00BF749C00244C
:106E30005C9D002438B50446EFF311854FF0200126
:106E400081F311880B48FFF7F1FB0B4B1B69E31A29
:106E5000014604E063F07F0201F8012BDB097F2B80
:106E6000F8D801F8013B0622FFF706FD85F31188EB
:106E700038BD00BF749C00245C9D0024F8B51D4BF8
:106E80001C68ACB300230746984203D924690CB1AF
:106E90000133F8E764B3EFF311864FF0200181F37B
:106EA00011881548FFF7C2FB054604E067F07F0331
:106EB00000F8013BFF097F2FF8D800F8017BA36899
:106EC00004E063F07F0200F8012BDB097F2BF8D888
:106ED00000F8013B80222168FFF78AFB0146162259
:106EE0002846FFF7C9FC86F31188E36803B1984789
:106EF000F8BD00BF589D0024749C002470B5054661
:106F0000EFF311864FF0200181F311880A48FFF753
:106F10008DFB044680222946FFF76AFB01460123C8
:106F200001F8023B002343701A222046FFF7A4FC1D
:106F300086F3118870BD00BF749C002430B587B003
:106F40000546684600240094019402940394049436
:106F5000059400950191029203930A9B0493FFF715
:106F6000A3FE07B030BD0000F0B583B005460C4667
:106F700016461F460522134920460AF02BFED0B1C3
:106F8000114B1A68072A18D8104B02EB820003EB4A
:106F9000800143F820504C608E60CF60089B0B61ED
:106FA0000132094B1A60089B00933B46324621464A
:106FB0002846FFF7C3FF03B0F0BD0548FFF79EFF6B
:106FC000F9E700BF701F0108849D0024889D0024FC
:106FD000941F010810B5032000F09AF803F0F0FCAC
:106FE0000F498B69C3F303230E4AD35C03F01F03DD
:106FF000D8408B6903F00F03D35C03F01F0320FA22
:1070000003F3094A1360094B18600F20FAF7A6FB37
:1070100010B10124204610BD0446FAF785FBF9E7BC
:107020000044025808200108000000240400002445
:10703000034B1B78034A11680B441360704700BF71
:107040008C000024289E0024014B1868704700BF64
:10705000289E002438B50446FFF7F6FF0546B4F134
:10706000FF3F02D0044B1B781C44FFF7EDFF401B91
:10707000A042FAD338BD00BF8C000024034A5368F5
:1070800023EA00030B435360704700BF000400581D
:10709000002807DB00F01F02400901239340024A49
:1070A00042F82030704700BF00E100E0002804DB18
:1070B0000901C9B2044B1954704700F00F000901CF
:1070C000C9B2024B1954704700E400E014ED00E02F
:1070D00000B500F00700C0F1070CBCF1040F28BF99
:1070E0004FF0040C031D062B0FD9C31E4FF0FF3EBB
:1070F0000EFA0CF021EA000199400EFA03FE22EA92
:107100000E0241EA02005DF804FB0023EEE70000F6
:107110000649CB6823F4E0631B041B0C000200F457
:10712000E0600343024A1A43CA60704700ED00E082
:107130000000FA0510B50446054BD868C0F30220DC
:10714000FFF7C6FF01462046FFF7B0FF10BD00BFA6
:1071500000ED00E008B5FFF79BFF08BDF0B4876DB8
:107160000468664E664DAC4218BFB44242D0183532
:10717000AC423FD01835AC423CD01835AC4239D087
:107180001835AC4236D01835AC4233D01835AC4245
:1071900030D005F55675AC422CD01835AC4229D00C
:1071A0001835AC4226D01835AC4223D01835AC4245
:1071B00020D01835AC421DD01835AC421AD0183545
:1071C000AC4217D04F4DAC4214D01435AC4211D064
:1071D0001435AC420ED01435AC420BD01435AC4251
:1071E00008D01435AC4205D01435AC4202D0143569
:1071F000AC4207D1446E856E6560C46E14B1046FF5
:10720000456F656004683D4E3D4DAC4218BFB442C9
:1072100052D01835AC424FD01835AC424CD018354E
:10722000AC4249D01835AC4246D01835AC4243D0B8
:107230001835AC4240D005F55675AC423CD01835F7
:10724000AC4239D01835AC4236D01835AC4233D0C8
:107250001835AC4230D01835AC422DD01835AC4280
:107260002AD01835AC4227D0264E274DAC4218BF45
:10727000B44211D0254DAC420ED01435AC420BD0E7
:107280001435AC4208D01435AC4205D01435AC42AC
:1072900002D01435AC4224D1C46D04F01F05012482
:1072A000AC407C60046863608368402B20D0036836
:1072B00099600368DA6014E0C46D04F01F0C3F2489
:1072C00004FA0CF4BC6005682C6824F480242C605B
:1072D000046863608368402B05D003689960036885
:1072E000DA60F0BC704703689A600368D960F8E719
:1072F00003689A600368D960F3E700BF100002409A
:1073000028000240085402581C54025830540258B5
:1073100003682749274A934218BF8B422FD018325F
:1073200093422CD01832934229D01832934226D05F
:107330001832934223D01832934220D0183293420D
:107340001DD002F55672934219D01832934216D0CE
:107350001832934213D01832934210D0183293420D
:107360000DD0183293420AD01832934207D0183207
:10737000934204D023F0FF038365806D704710B4FF
:10738000D9B210390C4AA2FB0142C2F302120B4CD3
:10739000A25CC2655F2907D96FF3090304338365D3
:1073A000806D5DF8044B70476FF309038365F7E761
:1073B0001000024028000240ABAAAAAAC820010877
:1073C00083699BB9836A012B0AD0022B02D00BB1CF
:1073D00000207047C36A13F0807F2AD100207047D5
:1073E000C36AB3F1C07F26D000207047B3F5005FB9
:1073F0000AD0836A022B26D9032B26D1C36A13F045
:10740000807F24D100207047836A032B03D8DFE8F4
:1074100003F01404140A00207047C36A13F0807F3D
:107420000DD100207047C36AB3F1C07F09D000209E
:1074300070470120704701207047012070470120EC
:1074400070470120704701207047002070470120DD
:107450007047000003682149214A934218BF8B42BC
:1074600027D01432934224D01432934221D01432C4
:1074700093421ED0143293421BD01432934218D040
:107480001432934215D0DAB2103A1649A1FB021217
:10749000120915491944A8291ED9144B13449B00FD
:1074A0000366134B436602F01F0201239340836679
:1074B0007047DBB2083B0F4AA2FB03230E4A02EBE4
:1074C0001312920002660D4A4266C3F304130122AE
:1074D00002FA03F3836670470832DEE70854025865
:1074E0001C540258ABAAAAAAF0FBFDBF00820010F0
:1074F00080080240CDCCCCCC0096001680580258B3
:1075000001794A1E072A2BD830B40368154D164C52
:10751000A34218BFAB4218D01434A34215D0143480
:10752000A34212D01434A3420FD01434A3420CD07F
:107530001434A34209D01434A34206D00B4B0B449D
:107540009B00C3660A4B036705E00A4B0B449B0094
:10755000C366094B036701239340436730BC704700
:10756000704700BF085402581C5402583F82001054
:10757000400902403F9600164059025870B5044633
:10758000FFF762FD002C00F0B781054623685349E0
:10759000534A934218BF8B420CBF0121002150D0A7
:1075A000183293424DD0183293424AD01832934247
:1075B00047D01832934244D01832934241D0183207
:1075C00093423ED002F5567293423AD0183293421B
:1075D00037D01832934234D01832934231D0183217
:1075E00093422ED0183293422BD01832934228D097
:1075F0001832934225D03B493B4A934218BF8B42F5
:1076000000F03281394A934200F02E8114329342C5
:1076100000F02A811432934200F026811432934202
:1076200000F022811432934200F01E811432934202
:1076300000F01A8140236365032384F8353001206C
:107640004AE0022284F83520002284F8342079BBF5
:10765000274A93422CD01832934229D018329342B1
:1076600026D01832934223D01832934220D01832B9
:1076700093421DD002F55672934219D018329342AC
:1076800016D01832934213D01832934210D01832C9
:1076900093420DD0183293420AD01832934207D049
:1076A0001832934204D01A6822F001021A6003E0F3
:1076B0001A6822F001021A6023681A6812F0010F9A
:1076C00018D0FFF7C1FC431B052BF5D920236365B8
:1076D000032384F83530012070BD00BF1000024044
:1076E00028000240085402581C54025830540258D2
:1076F000400002401A6881491140A268E0680243D4
:107700002069024360690243A0690243E0690243C1
:10771000206A02430A43616A042900F0908061688C
:10772000522900F296803F29C0F08E803F3974487C
:1077300020FA01F111F0010F01D042F480121A6019
:107740002668756925F00705636A1D43042B08D177
:10775000A36A1D43E36A23B12046FFF731FE0028E8
:107760007CD175612046FFF7D3FDE36D03F01F0266
:107770003F239340836023686249634A934218BF62
:107780008B4242D0183293423FD0183293423CD0C1
:107790001832934239D01832934236D0183293427D
:1077A00033D01832934230D002F5567293422CD027
:1077B0001832934229D01832934226D0183293427D
:1077C00023D01832934220D0183293421DD0183261
:1077D00093421AD01832934217D04C4A934214D095
:1077E0001432934211D0143293420ED01432934289
:1077F0000BD01432934208D01432934205D0143285
:10780000934202D01432934213D12046FFF722FE56
:10781000A368802B63D0236E22791A60636EA26EF8
:107820005A606368013B072B5CD90023E36623673A
:10783000636700206065012384F835304CE7E16A16
:10784000206B01430A436AE7293905293FF677AFE0
:1078500073E7743903293FF672AF6EE7402363651F
:10786000012084F8350037E7022284F83520002211
:1078700084F8342019686FF31011A268402A2CD0C4
:10788000802A27D00022E06842EAD002206942EA3A
:10789000D002606942EAD002A06942EAD002E069FF
:1078A00042EAD002206A42EA10120A431A602268B1
:1078B000174B1344174AA2FB03231B099B00E365E4
:1078C0002046FFF725FDE26D02F01F0101228A40EC
:1078D000426050E74FF48042D5E71022D3E70023FF
:1078E000636098E72046FFF70BFEE36E00221A6004
:1078F000236F626F5A609CE70120EDE63F8010FE27
:107900000F030F00100002402800024008540258E4
:10791000F8ABFDA7CDCCCCCC002800F03D8170B5F4
:10792000044690F83400012800F03881012084F8E2
:10793000340094F83500012807D04FF400636365E4
:10794000002384F83430012070BD022084F8350013
:10795000002060652068924E924DA84218BFB04248
:107960002FD01835A8422CD01835A84229D0183568
:10797000A84226D01835A84223D01835A84220D0D6
:107980001835A8421DD005F55675A84219D01835EE
:10799000A84216D01835A84213D01835A84210D0E6
:1079A0001835A8420DD01835A8420AD01835A8427B
:1079B00007D01835A84204D0056825F001050560F8
:1079C00003E0056825F0010505602046FFF7C6FBCA
:1079D00023687349734A934218BF8B4238D01832D8
:1079E000934235D01832934232D0183293422FD07E
:1079F000183293422CD01832934229D01832934235
:107A000026D002F55672934222D0183293421FD0EC
:107A1000183293421CD01832934219D01832934234
:107A200016D01832934213D01832934210D0183225
:107A300093420DD01A6822F00E0242F00A021A6038
:107A4000236C93B12268136843F0040313600CE0C5
:107A50001A6822F01E0242F016021A60236C23B14B
:107A60002268136843F00803136023684C494D4AA9
:107A7000934218BF8B4242D0183293423FD0183203
:107A800093423CD01832934239D01832934236D0C8
:107A90001832934233D01832934230D002F55672E6
:107AA00093422CD01832934229D01832934226D0D8
:107AB0001832934223D01832934220D01832934286
:107AC0001DD0183293421AD01832934217D0364A3A
:107AD000934214D01432934211D0143293420ED0F8
:107AE000143293420BD01432934208D01432934292
:107AF00005D01432934202D0143293420ED1236E39
:107B00001A6812F4803F03D01A6842F480721A6037
:107B1000E36E1BB11A6842F480721A602368204930
:107B2000204A934218BF8B4230D0183293422DD056
:107B3000183293422AD01832934227D018329342F7
:107B400024D01832934221D0183293421ED002F52D
:107B5000567293421AD01832934217D01832934279
:107B600014D01832934211D0183293420ED01832EA
:107B700093420BD01832934208D01832934205D06A
:107B80001A6842F001021A600020DDE61A6842F02D
:107B900001021A600020D7E6012070470220D3E6D8
:107BA00010000240280002400854025870B50446F4
:107BB000FFF74AFA002C00F08F81054694F8353023
:107BC000022B06D080236365002384F83430012023
:107BD00070BD23688B498C4A934218BF8B4230D0CA
:107BE000183293422DD0183293422AD01832934241
:107BF00027D01832934224D01832934221D0183221
:107C000093421ED002F5567293421AD01832934214
:107C100017D01832934214D01832934211D0183230
:107C200093420ED0183293420BD01832934208D0B0
:107C30001832934205D01A6822F00E021A602668A4
:107C400009E01A6822F01E021A602268536923F0C4
:107C500080035361266823686A496B4A934218BFC0
:107C60008B4242D0183293423FD0183293423CD0DC
:107C70001832934239D01832934236D01832934298
:107C800033D01832934230D002F5567293422CD042
:107C90001832934229D01832934226D01832934298
:107CA00023D01832934220D0183293421DD018327C
:107CB00093421AD01832934217D0544A934214D0A8
:107CC0001432934211D0143293420ED014329342A4
:107CD0000BD01432934208D01432934205D01432A0
:107CE000934202D01432934204D1226E136823F4DB
:107CF0008073136023684349434A934218BF8B4201
:107D00002FD0183293422CD01832934229D01832F7
:107D1000934226D01832934223D01832934220D077
:107D2000183293421DD002F55672934219D0183280
:107D3000934216D01832934213D01832934210D087
:107D4000183293420DD0183293420AD0183293421F
:107D500007D01832934204D01A6822F001021A6048
:107D600003E01A6822F001021A60336813F0010F71
:107D70000ED0FFF769F9431B052BF6D92023636565
:107D8000032384F83530002384F8343001201FE7C2
:107D900023681C491C4A934218BF8B4238D01832C2
:107DA000934235D01832934232D0183293422FD0BA
:107DB000183293422CD01832934229D01832934271
:107DC00026D002F55672934222D0183293421FD029
:107DD000183293421CD01832934219D01832934271
:107DE00016D01832934213D01832934210D0183262
:107DF00093420DD0A16DE36D03F01F020123934068
:107E00004B600CE010000240280002400854025869
:107E1000A16DE36D03F01F023F2393408B60236845
:107E20002E492F4A934218BF8B4242D018329342B8
:107E30003FD0183293423CD01832934239D0183296
:107E4000934236D01832934233D01832934230D016
:107E500002F5567293422CD01832934229D0183230
:107E6000934226D01832934223D01832934220D026
:107E7000183293421DD0183293421AD018329342CE
:107E800017D0184A934214D01432934211D01432AE
:107E900093420ED0143293420BD01432934208D046
:107EA0001432934205D01432934202D014329342DA
:107EB0000BD1636EA26E5A60E36E33B11A6822F47E
:107EC00080721A60236F626F5A60012384F8353024
:107ED000002084F834007BE6012079E6100002409F
:107EE0002800024008540258002800F0278108B5F5
:107EF000024690F83530022B03D0802343650120E1
:107F000008BD03688F4890498B4218BF83420CBF5D
:107F10000120002065D018318B4262D018318B428D
:107F20005FD018318B425CD018318B4259D0183158
:107F30008B4256D018318B4253D001F556718B428B
:107F40004FD018318B424CD018318B4249D0183168
:107F50008B4246D018318B4243D018318B4240D0EF
:107F600018318B423DD018318B423AD0196821F03C
:107F70000E0119601368734873498B4218BF83421E
:107F80006AD072498B4267D018318B4264D0183165
:107F90008B4261D018318B425ED018318B425BD05E
:107FA00018318B4258D001F556718B4254D018319C
:107FB0008B4251D018318B424ED018318B424BD06E
:107FC00018318B4248D018318B4245D018318B4242
:107FD00042D018318B423FD0196821F0010119605D
:107FE0003EE0042182F8351080BB584A93422DD0E0
:107FF000183293422AD01832934227D01832934233
:1080000024D01832934221D0183293421ED002F568
:10801000567293421AD01832934217D018329342B4
:1080200014D01832934211D0183293420ED0183225
:1080300093420BD01832934208D01832934205D0A5
:108040001A6822F001021A60002059E71A6822F02B
:1080500001021A60002053E7196821F0010119603C
:108060001368384838498B4218BF834242D01831D0
:108070008B423FD018318B423CD018318B4239D0E3
:1080800018318B4236D018318B4233D018318B42A5
:1080900030D001F556718B422CD018318B4229D04B
:1080A00018318B4226D018318B4223D018318B42A5
:1080B00020D018318B421DD018318B421AD0183184
:1080C0008B4217D022498B4214D014318B4211D0ED
:1080D00014318B420ED014318B420BD014318B42B1
:1080E00008D014318B4205D014318B4202D01431A8
:1080F0008B4217D1116E0B6823F480730B60906D67
:10810000D36D03F01F0101238B404360536E916ECA
:108110005960D36E33B1196821F480711960136FFF
:10812000516F5960012382F83530002382F83430D2
:10813000136D2BB1104698470020E1E601207047EF
:108140000020DDE61000024028000240400002400E
:1081500008540258F0B583B00446002301937D4BC8
:108160001D687D4BA3FB0535AD0A876D3E68D7F8CA
:1081700000C0036879497A48834218BF8B420CBF1C
:108180000120002061D0774A93425ED0183293429A
:108190005BD01832934258D01832934255D01832DF
:1081A000934252D0183293424FD002F55672934206
:1081B0004BD01832934248D01832934245D01832EF
:1081C000934242D0183293423FD0183293423CD06F
:1081D0001832934239D01832934236D06249634AFA
:1081E000934218BF8B4212D0614A93420FD014328F
:1081F00093420CD01432934209D01432934206D0E9
:108200001432934203D01432934240F05F821A68D2
:10821000E16D01F01F010420884010EA0C0F00F00E
:10822000A58212F0040F00F0A182786012F4004FD2
:1082300000F0588212F4803F40F04E82A36C002B75
:1082400000F044822046984740E2E26D02F01F01B0
:1082500008228A40324241D070BB424A93422BD01E
:108260001832934228D01832934225D018329342C4
:1082700022D0183293421FD0183293421CD002F5FC
:108280005672934218D01832934215D01832934246
:1082900012D0183293420FD0183293420CD01832B9
:1082A000934209D01832934206D01832934203D039
:1082B0001A68C2F3C00202E01A68C2F380026AB10F
:1082C0001A6822F004021A60E36D03F01F0208230B
:1082D0009340BB60636D43F001036365E26D02F0A0
:1082E0001F0226FA02F313F0010F47D023681B4840
:1082F0001B498B4218BF83423CD018318B4239D086
:1083000018318B4236D018318B4233D018318B4222
:1083100030D018318B422DD018318B422AD001F544
:1083200056718B4226D018318B4223D018318B42A4
:1083300020D018318B421DD018318B421AD0183101
:108340008B4217D018318B4214D018318B4211D088
:108350001B6813E004000024B5814E1B100002408E
:108360002800024040000240085402581C540258A1
:10837000305402585B6913F0800F3BD1E36D03F07A
:108380001F03042202FA03F333423FD022689548C8
:1083900095498A4218BF824234D018318A4231D07E
:1083A00018318A422ED018318A422BD018318A4295
:1083B00028D018318A4225D018318A4222D001F5BE
:1083C00056718A421ED018318A421BD018318A4217
:1083D00018D018318A4215D018318A4212D018317B
:1083E0008A420FD018318A420CD018318A4209D003
:1083F00013680BE001239340BB60636D43F00203FD
:108400006365BBE7126812F0020F3DD1E36D03F024
:108410001F03102202FA03F333425FD0226871482F
:1084200071498A4218BF824234D018318A4231D011
:1084300018318A422ED018318A422BD018318A4204
:1084400028D018318A4225D018318A4222D001F52D
:1084500056718A421ED018318A421BD018318A4286
:1084600018D018318A4215D018318A4212D01831EA
:108470008A420FD018318A420CD018318A4209D072
:108480001268C2F3800208E0BB60636D43F004032E
:108490006365BBE71268C2F3C002FAB1BB60236830
:1084A0001A6812F4802F0DD01B6813F4002F04D12A
:1084B000236C9BB12046984710E0A36C73B1204613
:1084C00098470BE01A6812F4807F03D11A6822F0F3
:1084D00008021A60236C0BB120469847E36D03F045
:1084E0001F03202202FA03F3334200F09180226836
:1084F0003C483D498A4218BF82422ED018318A42F8
:108500002BD018318A4228D018318A4225D0183110
:108510008A4222D018318A421FD018318A421CD098
:1085200001F556718A4218D018318A4215D0183197
:108530008A4212D018318A420FD018318A420CD0A8
:1085400018318A4209D018318A4206D018318A423D
:1085500003D01268C2F3400202E01268C2F30012B4
:10856000002A55D0BB6094F83530042B0ED0236818
:108570001A6812F4802F39D01B6813F4002F2CD105
:10858000636C002B44D02046984741E02268136872
:1085900023F0160313602268536923F080035361AC
:1085A000236CB3B12268136823F008031360E36DF2
:1085B00003F01F023F239340BB60012384F8353052
:1085C000002384F83430236D002B7FD02046984759
:1085D0007CE0A36C002BE5D1E9E7E36BC3B1204657
:1085E000984715E010000240280002401A6812F473
:1085F000807F09D11A6822F010021A60012384F8E2
:108600003530002384F83430E36B0BB120469847B3
:10861000636D002B5AD0636D13F0010F52D0042309
:1086200084F8353023689649964A934218BF8B42A6
:108630002FD0183293422CD01832934229D01832BE
:10864000934226D01832934223D01832934220D03E
:10865000183293421DD002F55672934219D0183247
:10866000934216D01832934213D01832934210D04E
:10867000183293420DD0183293420AD018329342E6
:1086800007D01832934204D01A6822F001021A600F
:1086900003E01A6822F001021A60019B0133019382
:1086A000AB4204D823681B6813F0010FF5D123688F
:1086B0001B6813F0010F0BD0032384F8353000231F
:1086C00084F83430E36C0BB12046984703B0F0BD1A
:1086D000012384F83530F2E7236C002BF6D02046D6
:1086E0009847F3E712F0200F3AD123686449654AAE
:1086F000934218BF8B422FD0183293422CD018329D
:10870000934229D01832934226D01832934223D074
:108710001832934220D0183293421DD002F556727F
:10872000934219D01832934216D01832934213D084
:108730001832934210D0183293420DD0183293421F
:108740000AD01832934207D01832934204D01A68E4
:1087500022F004021A6003E01A6822F008021A608C
:10876000236C002BB2D020469847AFE70220884008
:1087700010EA0C0F60D012F0020F5DD0786012F496
:10878000004F0ED012F4803F05D1636C002B9DD0BA
:10879000204698479AE7E36B002B97D020469847EE
:1087A00094E712F0200F40D123683549354A9342AF
:1087B00018BF8B422FD0183293422CD018329342DC
:1087C00029D01832934226D01832934223D018323F
:1087D000934220D0183293421DD002F55672934234
:1087E00019D01832934216D01832934213D018324F
:1087F000934210D0183293420DD0183293420AD0CF
:108800001832934207D01832934204D01A6822F0EB
:108810000A021A6003E01A6822F014021A600123A7
:1088200084F83530002384F83430E36B002B3FF4B8
:108830004DAF2046984749E7082000FA01F111EAB8
:108840000C0F3FF443AF12F0080F3FF43FAF1A682C
:1088500022F00E021A60E36D03F01F03012202FAF8
:1088600003F37B60626584F83520002384F834309C
:10887000E36C002B3FF42AAF2046984726E700BF61
:10888000100002402800024030B4416B0468D4F864
:1088900084306F4A134043EA8103C4F8843004688B
:1088A000D4F8843023F47F03856B43EA0543C4F88E
:1088B0008430836B0B440468D4F88810114041EA7B
:1088C0008301C4F888100468D4F8881021F4FE01EC
:1088D000C56B41EA0541C4F88810C16B03EB410345
:1088E0000468D4F8A010114041EA8301C4F8A01034
:1088F0000468D4F8A01021F4FE01056C41EA05419A
:10890000C4F8A010016C446C04FB01330468D4F873
:10891000B010114041EA8301C4F8B0100468D4F8E3
:10892000B01021F4FE01856C41EA0541C4F8B01095
:10893000816CC46C04FB01330468D4F8AC101140A2
:1089400041EA8301C4F8AC10016D446D04FB0133AE
:108950000468D4F8F010114041EA8301C4F8F01023
:108960000468D4F8F01021F47C11856D41EA0541CA
:10897000C4F8F010816D03EB41030468D4F8C01013
:108980000A4042EA8303C4F8C0300268D2F8C0301B
:1089900023F47C13C16D43EA0143C2F8C03002687E
:1089A000D2F8C03023F07C53016E43EA0163C2F871
:1089B000C030436B274A1A449200C266836B02EBB5
:1089C00083030367C16B03EBC1034367016C446C12
:1089D00004FB01F103EB81038367816CC46C04FB2E
:1089E00001F103EB8103C367016D446D04FB01F1E9
:1089F00003EB8103C0F88030816D03EBC103C0F845
:108A00008430816EC46D01FB04FC03EB8C03C0F861
:108A10008830046E04FB01F103EB8103C0F8903051
:108A20000D498B420DD9D0F89C3043F02003C0F89B
:108A30009C30032380F89830012007E0002342F89F
:108A4000043BD0F890309342F8D8002030BC7047F7
:108A50000300FFFF002B0010FCD3004070B54C68F2
:108A6000FCB90D698C6825430C6845EA84450E6A9B
:108A7000CC6944EA06648E6934434E693443CE6857
:108A800044EA0644D0F88460806E00FB03F306EBF2
:108A9000830E46F82350CEF804400EF1080E002055
:108AA00019E00C698D6825430C68254345F0804525
:108AB000DDE702EB000C9CF803409CF802301B043D
:108AC00043EA04639CF8014043EA0423145C234313
:108AD0004EF8043B0430CB68024CE35C8342E8D898
:108AE00070BD00BFD020010830B595B004464C22BF
:108AF000A04901A8F8F7E2F9002C00F038812368BA
:108B00009D4A934220D094F898300BB32268936921
:108B100023F010039361FEF797FA054623689A69DC
:108B200012F0080F1AD0FEF78FFA431B0A2BF5D963
:108B3000D4F89C3043F00103C4F89C30032384F83C
:108B40009830012015B030BD03F580736360DAE71B
:108B500084F899302046F8F727FBD7E79A6942F066
:108B600001029A61FEF770FA054623689A6912F0CD
:108B7000010F0FD1FEF768FA401B0A28F5D9D4F887
:108B80009C3043F00103C4F89C30032384F89830F0
:108B90000120D7E79A6942F002029A61237C012BF7
:108BA00040D02268936943F040039361637C012BBA
:108BB0003ED02268936923F480439361A37C012B08
:108BC0003CD02268936943F480539361226893698F
:108BD00023F44073A1680B4393612268936923F0E7
:108BE000A40393612268136923F010031361E368FF
:108BF000012B29D0002B2CD0022B00F09B80226867
:108C0000936943F0800393612268136943F0100372
:108C10001361E368032B1CD12268936943F020039E
:108C2000936116E02268936923F040039361BDE7E6
:108C30002268936943F480439361BFE72268936994
:108C400023F480539361C1E72268936943F00403DE
:108C50009361A3695A1EE369013B1B0243EA426325
:108C6000226A013A13436269013A216843EA0243E6
:108C7000CB61A368B3F5407F62D0236E33B1226825
:108C8000D2F8C030616E0B43C2F8C030E36D226E83
:108C9000D3420DD02168D1F8C83023F00703A26E6B
:108CA00014A800EB820252F84C2C1343C1F8C830D0
:108CB000236C6BB12168D1F8BC3023F00703626CE0
:108CC00014A800EB820252F84C2C1343C1F8BC30BC
:108CD000A36C73B12168D1F8BC3023F07003E26C4F
:108CE00014A800EB820252F84C2C43EA0213C1F89C
:108CF000BC30236D73B12168D1F8BC3023F4E0633C
:108D0000626D14A800EB820252F84C2C43EA022355
:108D1000C1F8BC302268184B9A4222D00023C4F814
:108D20009430C4F89C30012384F898302046FFF733
:108D3000ABFD07E72268936943F02003936188E75E
:108D4000A36A013BE26A013A43EA0223226B013A39
:108D500043EA0213626A013A216843EA0243CB60A4
:108D60008BE76268936823F003039360D6E70120E2
:108D7000E8E600BF981E010800A0004090F8983077
:108D8000013BDBB2012B07D9D0F89C3043F0020342
:108D9000C0F89C30012070470B68DBB9CB68072B0B
:108DA0000ED08A68DB0643EA82730A6943EA02430B
:108DB0004A691343C26E496842F821300020704767
:108DC0000A69CB691B0243EA02438A69134343F0F1
:108DD0006053EFE710B4CA680B6943EA4273072A8D
:108DE0000FD04A698C6842EA8472006F496800EBD0
:108DF000C10C40F83130CCF8042000205DF8044B61
:108E000070478A69F1E790F89830012B07D0D0F8C5
:108E10009C3043F00403C0F89C30012070470223CB
:108E200080F898300268936923F00103936100236E
:108E3000C0F89C301846704738B5044690F8983012
:108E4000022B2BD10368D3F8C00010F07C5F0CD04C
:108E5000D3F8C40010F4001F0FD0D4F89C3043F4B2
:108E60000073C4F89C3001201FE0D4F89C3043F01C
:108E70002003C4F89C30012017E0D3F8C450C5F398
:108E800004452B462046FFF7E9FD22680123AB404D
:108E9000C2F8D030C4F89430002006E0D0F89C30FE
:108EA00043F00803C0F89C30012038BD70B590F83D
:108EB0009840022C40F0DE8040290CD041293DD062
:108EC000046D8C426DD8D0F89C3043F02003C0F87C
:108ED0009C300120D5E00468D4F8A05015F4FE0FB2
:108EE0000CD0D4F8A45015F07F0F0FD1D0F89C30DF
:108EF00043F48073C0F89C300120C2E0D0F89C306D
:108F000043F02003C0F89C300120BAE0D4F8A4500C
:108F100015F0807504D0D4F8A050002D0CDB00258E
:108F2000D4F8A440C4F305242544446C05FB04F4A0
:108F3000466F06EB840E3BE00125F1E70468D4F8A8
:108F4000B05015F4FE0F0CD0D4F8B45015F07F0FCC
:108F50000FD1D0F89C3043F48073C0F89C300120CE
:108F60008FE0D0F89C3043F02003C0F89C30012003
:108F700087E0D4F8B45015F0807504D0D4F8B05020
:108F8000002D0CDB0025D4F8B440C4F3052425449F
:108F9000C46C05FB04F4866F06EB840E08E0012523
:108FA000F1E7C56F446D01FB04F405EB840E002569
:108FB000DEF8004004F08044546064BBDEF80040FA
:108FC000C4F38A441460DEF8004004F00054946056
:108FD000DEF8004004F000441461BEF80440D4619F
:108FE000BEF8064004F00F04D460DEF8044004F438
:108FF00080145461DEF8044004F4001494619EF877
:10900000074004F07F041462DEF80440E40F546269
:109010004FF0000C0CE0DEF8004024F060441460D7
:10902000D1E70EEB0C04247A03F80C400CF1010C90
:10903000144CD668A45D6445F3D8402909D0412971
:109040000CD01F290ED8026801238B40C2F898303B
:1090500002E00368C3F8A850002012E00368C3F8D8
:10906000B850F9E701F01F01026801238B40C2F8F4
:109070009C30F1E7D0F89C3043F00803C0F89C30F6
:10908000012070BDD020010890F89830013BDBB280
:10909000012B07D9D0F89C3043F00203C0F89C3074
:1090A0000120704710B403689C6D0C4224D1DC6D24
:1090B00044F00104DC6511F4007F05D00468D4F8A5
:1090C000E0301343C4F8E03011F4806F05D0046839
:1090D000D4F8E4301343C4F8E4300068436D0C4A1C
:1090E0000A40134343650B4A536943EA9173536142
:1090F00000205DF8044B70479C6D31EA040402D0F7
:109100000324DC65D7E7DC6D44F00204DC65D2E7BC
:10911000FFFFCF3F00A8004070477047704770477F
:109120007047704770477047704770477047704787
:1091300070477047704700002DE9F04F83B0044638
:10914000904B1A695B69134001939B070093036876
:109150001A6D02F4704A5A6D0AEA020A1A6D02F098
:109160000F095A6D09EA02091A6D02F0F0085A6DEA
:1091700008EA02081E6D06F071565A6D16401F6D02
:1091800007F060775A6D17405D6DD3F850B015F455
:10919000807F02D01BF4807F64D115F4806F02D0F1
:1091A0001BF4806F67D1009B002B74D1BAF1000FC4
:1091B0007ED1B9F1000F40F08780B8F1000F40F088
:1091C0008F8015F4006F03D01BF4006F40F0948083
:1091D00015F4007F03D01BF4007F40F0988015F455
:1091E000002F03D01BF4002F40F0A18015F4803F26
:1091F00003D01BF4803F40F0A58015F4802F03D0EE
:109200001BF4802F40F0A98015F4003F0FD01BF411
:10921000003F0CD023684FF400321A65594B0022EE
:109220001A61D4F89C3043F08003C4F89C30002FBE
:1092300040F09E804EB123681E65B20F514B1A61FB
:10924000D4F89C303343C4F89C3022684E4B9A4289
:1092500000F09C80D4F89C30002B40F0F98003B0E3
:10926000BDE8F08F4FF480721A65464B00221A61F8
:10927000FFF75AFF91E72368D3F8DC10D3F8E42016
:109280004FF4806018653F4B002018611140204664
:10929000FFF746FF87E7236800221A65019B03F06A
:1092A0000303384A136100992046FFF735FF7DE735
:1092B0002368C3F850A04FEA9A72324B1A615146A4
:1092C0002046FFF72AFF74E72368C3F850904FEA5F
:1092D00099722C4B1A6149462046F9F779FB6CE7E5
:1092E0002368C3F850804FEA9872264B1A614146B2
:1092F0002046F9F7ADFB64E723684FF400621A6576
:10930000204B00221A612046FFF708FF60E7236820
:10931000D3F8D810D3F8E0204FF400701865194B3B
:109320000020186111402046FFF7F9FE57E7236837
:109330004FF400221A65134B00221A612046FFF7F2
:10934000F0FE53E723684FF480321A650D4B00227C
:109350001A612046FFF7E6FE4FE723684FF48022AC
:109360001A65084B00221A612046FFF7DCFE4BE726
:1093700023681F65BA0F034B1A6139462046FFF771
:10938000D5FE57E700A8004000A0004063689A6837
:1093900012F0030F3FF45EAF196A01F00F015A6A31
:1093A000186A00F03008586A08EA00081F6A07F4D3
:1093B000C077586A07401E6A06F4FC46586A0640A1
:1093C0001D6A05F4F025586A0540D3F82490D3F8B7
:1093D00020A011401CD1B8F1000F1ED119F0400F90
:1093E00002D01AF0400F20D15FBB36B163681E6215
:1093F000D4F89C303343C4F89C30002D3FF42AAF9E
:1094000063681D62D4F89C302B43C4F89C3021E77C
:1094100019622046FFF78BFEDDE76368C3F8208002
:1094200041462046FFF784FED8E76368D96BDA6BC4
:109430004020186202F03F02090C2046FFF779FE37
:10944000D2E763681F6239462046FFF773FECCE718
:109450002046FFF76AFE02E7F0B583B000236BE019
:1094600085685E000324B44025EA0405CC68B44056
:109470002C438460456825EA0C054C68C4F300144D
:109480009C402C43446069E0DD08083550F82540D5
:1094900003F0070C4FEA8C0C4FF00F0E0EFA0CFE87
:1094A00024EA0E0E0C6904FA0CF444EA0E0440F8A7
:1094B00025406BE0092400E0002404FA0EF42C435C
:1094C0000CF1020C664D45F82C404FF0B044256875
:1094D000D44325EA02064F6817F4801F01D042EA00
:1094E00005064FF0B0452E606D6804EA05064F682A
:1094F00017F4001F01D042EA05064FF0B0456E6038
:10950000D5F8845004EA05064F6817F4003F01D0EF
:1095100042EA05064FF0B045C5F88460D5F88050A2
:109520002C404E6816F4803F01D042EA05044FF00B
:10953000B042C2F8804001330A6832FA03F400F006
:109540008C804FF0010C0CFA03FC1CEA0202F2D0F2
:109550004C6804F00304013C012C81D94C6804F0F0
:109560000304032C0CD0C4685D004FF0030C0CFA0C
:1095700005FC24EA0C0C8C68AC4044EA0C04C46082
:109580004C6804F00304022C3FF47EAF04684FEAF9
:10959000430E4FF0030C0CFA0EFC24EA0C0C4C6842
:1095A00004F0030404FA0EF444EA0C0404604C686A
:1095B00014F4403FBFD02B4CD4F8F45045F00205D2
:1095C000C4F8F450D4F8F44004F002040194019C6F
:1095D0004FEA930C0CF10205214C54F8255003F08E
:1095E000030E4FEA8E0E0F2404FA0EF425EA04054A
:1095F0001D4CA0423FF460AF04F58064A0421ED031
:1096000004F58064A0421CD004F58064A0421AD006
:1096100004F58064A04218D004F58064A04216D0FE
:1096200004F58064A04214D004F58064A04212D0F6
:1096300004F50064A0423FF43DAF0A243DE7012455
:109640003BE7022439E7032437E7042435E7052400
:1096500033E7062431E707242FE703B0F0BD00BF4E
:109660000004005800440258000002580AB1816109
:10967000704709048161704708B54FF0B043D3F8D3
:109680008830034200D108BD4FF0B043C3F88800D2
:10969000FAF7D2F8F7E72DE9F04383B0D0F800806D
:1096A00001EBC10300EB83039A6A5B6A9A4254D8C8
:1096B00007460C469B1A01EBC10200EB8202D269FD
:1096C0009A4200D31A4602F103094FEA990915E0BC
:1096D00006F103094FEA9909BB7904EBC40507EBCE
:1096E0008505296A0093B3B2E2B2404604F0CDFD8D
:1096F0002B6A33442B62AB6A3344AB6208EB4413EE
:1097000003F510639B699BB24B4512D304EBC40372
:1097100007EB83039A6A5B6A9A420AD24BB19B1A9F
:1097200004EBC40207EB8202D6699E42D0D31E46E8
:10973000CEE704EBC40307EB83077A6ABB6A9A425D
:109740000FD804F00F040122A240D8F8343823EADD
:109750000203C8F83438002000E0012003B0BDE85F
:10976000F0830020FAE730B583B000287AD00446B1
:1097700090F89534ABB1032384F89534206804F055
:1097800039FB237C8DF80030231D0ECB206804F0BC
:1097900067FA58B1022384F895340125284603B0AE
:1097A00030BD80F89434F8F72DFCE4E70021206800
:1097B00004F081FF0246B8B903462079984218D9CF
:1097C00003EBC30104EB8101012048750B75CB85C8
:1097D00000200876C861086203EBC30104EB810135
:1097E00048620133DBB2E8E7022384F895340125AF
:1097F000D4E7904217D902EBC20304EB83030021A4
:1098000083F8551283F8542283F85812C3F85C1277
:10981000C3F8601202EBC20304EB8303C3F86412C3
:109820000132D2B2E5E7237C8DF80030231D0ECB48
:10983000206804F035FB054658B900236374012302
:1098400084F89534237B012B08D0206804F0F2FEC5
:10985000A4E7022384F8953401259FE7204600F011
:1098600075FDF2E7012599E7036890F89424012A31
:109870001AD010B50446012280F89424DA6812F058
:10988000400F02D0427B012A09D0206804F0ACFAD4
:10989000206804F0C1FE002084F8940410BD9A6B87
:1098A00042F480329A63F0E70220704770B50446B4
:1098B0000D460068066C00EB411303F530639A68AF
:1098C000A179012911D038498E4256D03DB905EB16
:1098D000C50304EB8303D3F86432002B5ED0E9B2F6
:1098E0002046F8F7D1FB002070BD12F0080F09D018
:1098F0002E498E42F7D912F4004FF4D04FF40042B3
:109900009A60F0E712F0200F02D020229A60EAE776
:1099100012F0280FE7D125498E4206D912F4004FE4
:1099200003D04FF400429A60DDE705EBC50204EB7B
:109930008202D2F874121B69C3F31203CB1AC2F865
:1099400068327DB905EBC50204EB8202D2F86422CD
:109950006AB105EBC50204EB8202D2F86012194429
:10996000C2F86012E9B22046F8F78EFBBBE704F2BA
:109970009C42012104F0DEFEF4E712F4004F03D014
:109980004FF400429A60AEE712F0200F01D020227F
:109990009A60E9B22046F8F777FBA4E704F29C420C
:1099A000002104F0C7FE9AE70A31544F0A30544FA1
:1099B00038B5044603681D6C03EB4113D3F8081B4C
:1099C0000E4A954207D903F5306311F4004F02D0D7
:1099D0004FF400429A602046F8F74EFB074B9D4239
:1099E00002D9A379012B01D0002038BD04F29C429A
:1099F0000121206804F09EFEF6E700BF0A30544FB4
:109A000090F89434012B0CD010B50446012380F853
:109A100094344174006804F0EFFD002084F894044D
:109A200010BD0220704738B505468C4611F0800FF6
:109A30002BD101F00F0E0EEBCE04A40004F514742C
:109A40000444211D0EEBCE0E00EB8E0E00208EF88E
:109A500055020CF00F0C81F800C0C2F30A028A60B4
:109A60000B714A780AB1A1F81AC0022B1CD095F8E4
:109A70009434012B1BD0012385F89434286804F01A
:109A8000E9FA002085F8940438BD01F00F0000EBDE
:109A9000C001890010312944043100EBC00005EBFE
:109AA000800001244475D4E700234B71DFE70220D6
:109AB000EAE710B504460A4611F0800F20D101F004
:109AC0000F0000EBC0039B0003F514732344191D22
:109AD00000EBC00004EB8000002380F8553202F058
:109AE0000F020A7094F89434012B18D0012384F8E3
:109AF0009434206804F0FAFA002084F8940410BD2D
:109B000001F00F0000EBC0039B0010332344191D2C
:109B100000EBC00004EB800001234375DFE7022067
:109B2000EDE710B5144601F00F0C0CEBCC018900E9
:109B300001F51471014404310CEBCC0E00EB8E0ED8
:109B4000CEF86022CEF864320023CEF868328EF868
:109B500055328EF854C28279012A04D0006804F08C
:109B6000ABFB002010BDCEF87042F7E701F00F010B
:109B700001EBC10100EB8100D0F86802704710B51D
:109B8000144601F00F0C0CEBCC018900103101449C
:109B900004310CEBCC0E00EB8E0ECEF82020CEF86C
:109BA00024300023CEF8283001238EF815308EF8AB
:109BB00014C082799A4204D0006804F07DFB002032
:109BC00010BDCEF83040F7E738B501F00F05027947
:109BD000AA4238D304460B4611F0800F1FD101EB87
:109BE000C101890001F514710144043103EBC30381
:109BF00000EB8303002283F8552201238B700D7044
:109C000094F89434012B20D0012384F894342068F4
:109C100004F097FC85B1002084F8940438BD05EB6E
:109C2000C501890010310144043105EBC50300EB87
:109C3000830301225A75E0E704F29C42A17920686F
:109C400004F078FDE7E70120E8E70220E6E701F00D
:109C50000F0302799A4230D310B5044611F0800FF9
:109C60001ED103EBC301890001F5147101440431D5
:109C700003EBC30200EB8202002082F855020022AF
:109C80008A700B7094F89434012B18D0012384F857
:109C90009434206804F082FC002084F8940410BD01
:109CA00003EBC301890010310144043103EBC3020B
:109CB00000EB820201205075E1E70120704702208D
:109CC000EDE708B511F0800F0CD101F00F0101EBA9
:109CD000C101890001F5147101440431006804F0E8
:109CE00075FA08BD01F00F0101EBC10189001031C7
:109CF00001440431F2E72DE9F04F83B004460568D2
:109D0000284604F0D4FC10B103B0BDE8F08F06463D
:109D1000206804F09DFC0028F6D005F50067BB68BC
:109D2000C3F30D23C4F8D434206804F091FC10F080
:109D3000020F04D02268536903F0020353612068C4
:109D400004F086FC10F0100F16D02268936923F0FF
:109D500010039361D5F8208008F00F0908F4F01380
:109D6000B3F5802F6AD0B3F5402F00F08D802268C4
:109D7000936943F010039361206804F069FC10F4C8
:109D8000002F40F09380206804F062FC10F4802FD4
:109D900040F0FC80206804F05BFC0028C0F27D816C
:109DA000206804F055FC10F4006F09D0BB6813F074
:109DB000010F40F08A812268536903F40063536104
:109DC000206804F045FC10F0006F15D0226853693C
:109DD00003F00063536194F8CC34002B40F0798198
:109DE000012184F8CC1423685B6DC3F38303C4F8AA
:109DF000D034204600F0BEFA206804F029FC10F4AC
:109E0000805F40F06A81206804F022FC10F4005F5B
:109E100040F0B681206804F01BFC10F0080F40F001
:109E2000C781206804F014FC10F0800F00F0DA8184
:109E3000AB6923F08003AB610126C3E147F6F07301
:109E400018EA030F93D04FEA181A4FEAC903019397
:109E500009EBC90B04EB8B0BC8F30A12DBF8601299
:109E6000284604F04BFBDBF86032CAF30A0A53447D
:109E7000CBF86032DBF86832019A4A4404EB820284
:109E80005344C2F8683272E7082204F29C41284623
:109E900004F034FB09EBC90304EB8303D3F8682215
:109EA000C8F30A184244C3F8682260E7206804F047
:109EB000D3FB8046B14635E005EB49130122C3F8D8
:109EC000082B49462046FFF7F1FC3CE005EB49131F
:109ED0000822C3F8082B49462046FFF769FD35E004
:109EE00009EBC90304EB830393F85732012B41D0EC
:109EF00005EB49130222C3F8082B1AF0200F04D0F7
:109F000005EB49132022C3F8082B1AF4005F05D093
:109F100005EB49134FF40052C3F8082B09F101096E
:109F20004FEA5808B8F1000F3FF42DAF18F0010FB9
:109F3000F4D05FFA89FB5946206804F09DFB824605
:109F400010F0010FB8D11AF0080FBFD11AF0100F9E
:109F500004D005EB49131022C3F8082B1AF0020FA6
:109F6000CBD06B6913F0800FBAD07B6843F4806369
:109F70007B60B5E709EBC90304EB8303002283F898
:109F8000572259462046F8F7CFF8B1E7206804F089
:109F90006BFB8046B14625E059462046F8F780F82D
:109FA0001AF0080F04D005EB49130822C3F808295A
:109FB0001AF0100F04D005EB49131022C3F808293A
:109FC0001AF0400F04D005EB49134022C3F80829CA
:109FD0001AF0020F40D11AF0800F59D109F101098E
:109FE0004FEA5808B8F1000F3FF4D4AE18F0010F53
:109FF000F4D05FFA89FB5946206804F046FB82469C
:10A0000010F0010FCCD009F00F02012101FA02F289
:10A010007B6B23EA02037B6305EB4913C3F8081942
:10A02000A3798B42B8D109EBC90304EB83031A6A05
:10A03000D9690A441A62B9F1000FADD109EBC9031D
:10A0400004EB83035B6A002BA6D104F29C4201213E
:10A05000206804F06FFB9FE74946284603F0D0FED6
:10A0600009EBC90304EB8303DB7D012B05D005EB72
:10A0700049130222C3F80829ADE709EBC90304EB31
:10A0800083030022DA7559462046F8F753F8EEE7C5
:10A0900049462046FFF7FFFAA0E77B6823F001035B
:10A0A0007B6094F8CC34012B08D02046F8F736F8C2
:10A0B0002268536903F00043536171E6002184F87C
:10A0C000CC14204600F056F9F2E72046F8F70EF8D7
:10A0D00071E62046F8F70AF88EE67B6823F0010364
:10A0E0007B601021206803F08BFE1AE005EB46131D
:10A0F0004FF67F31C3F80819D3F8002922F4001273
:10A10000C3F80029C3F8081BD3F8002B22F400126F
:10A11000C3F8002BD3F8002B42F00062C3F8002BE9
:10A1200001362379B342E1D8FB6943F00113FB61A7
:10A13000E37BDBB1D7F8843043F00B03C7F88430FE
:10A140007B6C43F00B037B64D5F8003823F4FE638B
:10A15000C5F8003804F29C42A179206804F0EAFABC
:10A160002268536903F4805353614CE67A6942F2E2
:10A170002B0313437B613B6943F00B033B61E3E734
:10A18000206804F0C9FA206803F052FFE0712668E5
:10A1900000F05CFE0146E279304603F0B3FD204654
:10A1A000F7F78FFF2268536903F40053536131E6D8
:10A1B0002046F7F780FF2268536903F008035361D4
:10A1C0002FE601362379B3420CD906EBC60304EB24
:10A1D000830393F85732012BF3D1F1B22046FFF7F6
:10A1E00070FDEEE7206804F033FA10F4801F25D1EB
:10A1F000206804F02DFA10F4001F58D0012326E047
:10A2000001362379B3421BD905EB4613D3F8002955
:10A2100006EBC60304EB83031B7E012BF0D1002A5F
:10A22000EEDA06EBC60304EB83030122DA7566F06F
:10A230007F01C9B22046FFF744FDE1E70126E0E7D0
:10A240002268536903F480135361D1E70133227903
:10A250009A4227D905EB4312D2F8001B03EBC30245
:10A2600004EB820292F85822012AEFD10029EDDA9C
:10A27000D4F8D42482EA114212F0010FE6D103EBA4
:10A28000C30204EB8202012182F85712AA6942F04C
:10A290008002AA616A6912F0800FD7D17B6843F40B
:10A2A00000737B602268536903F4001353612068D4
:10A2B00004F0CEF910F0804F10D1206804F0C8F9F6
:10A2C00010F0040F3FF420AD23685D6815F0040F13
:10A2D0000DD1226853682B43536015E52046F7F7EC
:10A2E0002FFF2268536903F080435361E5E720465E
:10A2F000F7F72CFFEDE710B40468606A31B940EA63
:10A300000240A06200205DF8044B70478C46A36AAF
:10A3100000EB1340002308E003F1400104EB81014E
:10A32000496800EB11400133DBB20CF1FF318B4285
:10A33000F2D340EA02400CF13F0104EB810460607B
:10A34000E0E7036859620020704700000346026896
:10A350000121C0F8D814002083F8CC04936943F09D
:10A3600000639361516D024B0B435365704700BF0F
:10A370000300001070470000134BDB6813F0040F5C
:10A3800007D1114BDB6803F0070383421AD0012089
:10A39000704710B50C4AD36823F007030343D3601A
:10A3A000FCF752FE0446084B5B6813F4005F07D1CC
:10A3B000FCF74AFE001BB0F57A7FF4D9012000E0DB
:10A3C000002010BD0020704700480258024AD368A0
:10A3D00043F08073D360704700480258002800F0B3
:10A3E000D58238B50446036813F0010F25D0A04A82
:10A3F000136903F03803926A102B15D0182B0FD075
:10A400006368B3F5803F3FD0002B53D1984B1A6857
:10A4100022F480321A601A6822F480221A6038E02E
:10A4200002F00302022AEBD1914B1B6813F4003FA8
:10A4300003D06368002B00F0AB82236813F0020F97
:10A4400000F088808A4A1369926A13F038035AD060
:10A45000182B55D0E368002B00F0A98084490A68C6
:10A4600022F0190213430B60FCF7EEFD0546804B0A
:10A470001B6813F0040F40F09180FCF7E5FD401BD2
:10A480000228F4D903208AE2794A136843F480331E
:10A49000136063682BB3FCF7D7FD0546744B1B684C
:10A4A00013F4003FC9D1FCF7CFFD401B6428F5D958
:10A4B000032074E2B3F5A02F09D06D4B1A6822F483
:10A4C00080321A601A6822F480221A60E1E7684B31
:10A4D0001A6842F480221A601A6842F480321A60C4
:10A4E000D7E7FCF7B1FD0546614B1B6813F4003F4D
:10A4F000A3D0FCF7A9FD401B6428F5D903204EE248
:10A5000012F0030FA6D15A4B1B6813F0040F03D0AF
:10A51000E368002B00F03E82554A136823F01903CC
:10A52000E1680B431360FCF78FFD0546504B1B6839
:10A5300013F0040F06D1FCF787FD401B0228F5D964
:10A5400003202CE24A4A536823F0FE43216943EA80
:10A5500001635360236813F0100F51D0444A13690C
:10A5600003F03803926A082B39D0182B33D0E369F3
:10A57000002B69D03E4A136843F080031360FCF758
:10A5800063FD05463A4B1B6813F4807F53D1FCF7FB
:10A590005BFD401B0228F5D9032000E2344A5368D2
:10A5A00023F0FE43216943EA01635360D2E7304A56
:10A5B000136823F001031360FCF746FD05462C4B9E
:10A5C0001B6813F0040FC5D0FCF73EFD401B0228AA
:10A5D000F5D90320E3E102F00302012AC7D1244B9D
:10A5E0001B6813F4807F03D0E369802B40F0D48193
:10A5F0001F4AD36823F07C53216A43EA0163D36086
:10A60000236813F0080F49D06369002B32D0184A31
:10A61000536F43F001035367FCF716FD0546144BD7
:10A620005B6F13F0020F39D1FCF70EFD401B0228BF
:10A63000F5D90320B3E10E4AD36823F07C53216A95
:10A6400043EA0163D360DBE7094A136823F0800320
:10A650001360FCF7F9FC0546054B1B6813F4807F7B
:10A66000CED0FCF7F1FC401B0228F5D9032096E17F
:10A67000004402589D4A536F23F001035367FCF7CF
:10A68000E3FC0546994B5B6F13F0020F06D0FCF715
:10A69000DBFC401B0228F5D9032080E1236813F07E
:10A6A000200F29D0A3699BB1904A136843F48053CB
:10A6B0001360FCF7C9FC05468C4B1B6813F4005F64
:10A6C0001AD1FCF7C1FC401B0228F5D9032066E132
:10A6D000864A136823F480531360FCF7B5FC0546E3
:10A6E000824B1B6813F4005F06D0FCF7ADFC401BE7
:10A6F0000228F5D9032052E1236813F0040F21D179
:10A70000636A002B00F04A81784A126902F038022D
:10A71000182A00F0F180022B75D0744A136823F0D8
:10A7200080731360FCF790FC0446704B1B6813F0B9
:10A73000007F00F0D880FCF787FC001B0228F4D9CA
:10A7400003202CE16A4A136843F480731360FCF71A
:10A750007BFC0546664B1B6813F4807F06D1FCF733
:10A7600073FC401B6428F5D9032018E1A368012B72
:10A770000AD00BBB5D4B1A6F22F001021A671A6FE9
:10A7800022F004021A6704E0584A136F43F00103F1
:10A790001367A36833B3FCF757FC0546534B1B6F95
:10A7A00013F0020FACD1FCF74FFC401B41F2883391
:10A7B0009842F3D90320F2E0052B09D04B4B1A6FD6
:10A7C00022F001021A671A6F22F004021A67E0E70A
:10A7D000464B1A6F42F004021A671A6F42F00102E8
:10A7E0001A67D6E7FCF730FC0546404B1B6F13F0A9
:10A7F000020F85D0FCF728FC401B41F288339842B9
:10A80000F3D90320CBE0394A136823F08073136037
:10A81000FCF71AFC0546354B1B6813F0007F06D089
:10A82000FCF712FC401B0228F5D90320B7E02F4BA0
:10A83000996A304A0A40A16AE06A41EA00110A4373
:10A840009A62226B013AC2F30802616B0139490234
:10A8500089B20A43A16B0139090401F4FE010A43DC
:10A86000E16B0139090601F0FE410A431A63DA6A15
:10A8700022F00102DA625A6B6FF3CF02A16C42EA56
:10A88000C1025A63DA6A22F00C02216C0A43DA62CE
:10A89000DA6A22F00202616C0A43DA62DA6A42F48E
:10A8A0008032DA62DA6A42F40032DA62DA6A42F458
:10A8B0008022DA62DA6A42F00102DA621A6842F051
:10A8C00080721A60FCF7C0FB0446084B1B6813F04B
:10A8D000007F06D1FCF7B8FB001B0228F5D9032046
:10A8E0005DE000205BE0002059E000BF004402581A
:10A8F000004802580CFCFFFF30498A6A086B012BA4
:10A900004ED002F00303A16A8B424BD1C2F3051271
:10A91000E36A9A4248D1C0F30802236B013B9A4292
:10A9200044D1C0F34622636B013B9A4240D1C0F34D
:10A930000642A36B013B9A423CD1C0F30660E36B35
:10A94000013B984238D11D4B5B6BC3F3CC03A26C27
:10A950009A4201D1002022E0184AD36A23F0010371
:10A96000D362FCF771FB0546FCF76EFBA842FBD0F7
:10A97000124A536B6FF3CF03A16C43EAC1035363D5
:10A98000D36A43F00103D362002008E0012070473E
:10A99000012004E0012002E0012000E0002038BD99
:10A9A0000120FCE70120FAE70120F8E70120F6E7A3
:10A9B0000120F4E70120F2E70120F0E7004402580B
:10A9C000754B1B6903F03803102B00F0DE80182B49
:10A9D0000FD0002B40F0DB806F4B1B6813F0200F73
:10A9E00000F0D7806C4B1B68C3F3C1036B48D840A1
:10A9F000704710B4684B9A6A02F003029C6AC4F371
:10AA00000510D96A01F001015B6BC3F3CC0301FBB4
:10AA100003F307EE903AF8EE677A14F47C7F77D070
:10AA2000012A4AD0022A76D0002A40F091805A4B5F
:10AA30001B6813F0200F23D057490A68C2F3C102E4
:10AA4000564BD34007EE103AF8EE476A07EE100A6D
:10AA5000B8EE476A86EE867A0B6BC3F3080306EE00
:10AA6000903AF8EE666A9FED4E6A67EE867A76EE69
:10AA7000A77AF7EE006A77EEA67A27EE277A38E013
:10AA800007EE100AF8EE476A9FED466A86EE267AD0
:10AA9000414B1B6BC3F3080306EE903AF8EE666A6F
:10AAA0009FED3F6A67EE867A76EEA77AF7EE006A48
:10AAB00077EEA67A27EE277A1BE007EE100AF8EE6B
:10AAC000476A9FED396A86EE267A334B1B6BC3F3D8
:10AAD000080306EE903AF8EE666A9FED316A67EE7B
:10AAE000867A76EEA77AF7EE006A77EEA67A27EEF8
:10AAF000277A294B1B6BC3F34623013307EE903AA9
:10AB0000F8EE677AC7EE276AFCEEE67A17EE900A4F
:10AB10005DF8044B704707EE100AF8EE476A9FEDA8
:10AB2000236A86EE267A1C4B1B6BC3F3080306EEE2
:10AB3000903AF8EE666A9FED1A6A67EE867A76EECC
:10AB4000A77AF7EE006A77EEA67A27EE277AD0E7A3
:10AB500007EE100AF8EE476A9FED136A86EE267A32
:10AB60000D4B1B6BC3F3080306EE903AF8EE666AD2
:10AB70009FED0B6A67EE867A76EEA77AF7EE006AAB
:10AB800077EEA67A27EE277AB3E709487047094897
:10AB900070470248704700BF004402580090D0033D
:10ABA000000000390024744C0024744A001BB74B89
:10ABB00000366E0100093D00002800F0328170B5BA
:10ABC0000D4604469B4B1B6803F00F038B420BD2D0
:10ABD000984A136823F00F030B431360136803F0C4
:10ABE0000F038B4240F01F81236813F0040F0CD039
:10ABF0002269914B9B6903F070039A4205D98E49F3
:10AC00008B6923F070031A438A61236813F0080FDD
:10AC10000CD06269884BDB6903F070039A4205D956
:10AC20008549CB6923F070031A43CA61236813F086
:10AC3000100F0CD0A269804BDB6903F4E0639A42E9
:10AC400005D97D49CB6923F4E0631A43CA612368BF
:10AC500013F0200F0CD0E269774B1B6A03F07003EE
:10AC60009A4205D974490B6A23F070031A430A62A9
:10AC7000236813F0020F0CD0E2686F4B9B6903F05E
:10AC80000F039A4205D96C498B6923F00F031A43CD
:10AC90008A61236813F0010F41D0674A936923F456
:10ACA0007063A1680B4393616368022B0AD0032B86
:10ACB00027D0012B2CD0604A126812F0040F06D165
:10ACC0000120ADE0126812F4003F00F0AE805A4956
:10ACD0000A6922F0070213430B61FCF7B5F9064637
:10ACE000554B1B6903F038036268B3EBC20F16D0F3
:10ACF000FCF7AAF9801B41F288339842F0D903206F
:10AD00008EE04D4A126812F0007FE0D1012087E00A
:10AD1000494A126812F4807FD9D1012080E023686B
:10AD200013F0020F0CD0E268434B9B6903F00F0352
:10AD30009A4205D240498B6923F00F031A438A6176
:10AD40003C4B1B6803F00F03AB420AD9394A136826
:10AD500023F00F032B431360136803F00F03AB4280
:10AD600065D1236813F0040F0CD02269324B9B6924
:10AD700003F070039A4205D22F498B6923F07003C8
:10AD80001A438A61236813F0080F0CD062692A4BBA
:10AD9000DB6903F070039A4205D22749CB6923F09F
:10ADA00070031A43CA61236813F0100F0CD0A26914
:10ADB000214BDB6903F4E0639A4205D21E49CB695B
:10ADC00023F4E0631A43CA61236813F0200F0CD008
:10ADD000E269194B1B6A03F070039A4205D21649C7
:10ADE0000B6A23F070031A430A62FFF7E9FD124968
:10ADF0008B69C3F30323114AD35C03F01F03D840CC
:10AE00008B6903F00F03D35C03F01F0320FA03F3F5
:10AE10000B4A13600B4B18600B4B1868F6F79EFC3F
:10AE200070BD012070470120FAE70120F8E70120FA
:10AE3000F6E700BF00200052004402580820010835
:10AE400000000024040000249000002408B5FFF74F
:10AE5000B7FD0B4A9369C3F303230A49CB5C03F0A4
:10AE60001F0320FA03F3926902F00F02885C00F0DE
:10AE70001F0023FA00F0044A1060044A136008BD62
:10AE800000440258082001080000002404000024A7
:10AE900008B5FFF7DBFF054BDB69C3F30213044A78
:10AEA000D35C03F01F03D84008BD00BF0044025824
:10AEB0000820010808B5FFF7C9FF054BDB69C3F39C
:10AEC0000223044AD35C03F01F03D84008BD00BF2F
:10AED00000440258082001083F230360114B1A69FF
:10AEE00002F0070242609A6902F4706282609A6915
:10AEF00002F00F02C2609A6902F070020261DA6920
:10AF000002F070024261DA6902F4E06282611B6A57
:10AF100003F07003C361044B1B6803F00F030B6065
:10AF2000704700BF0044025800200052404B9B6A0B
:10AF300003F00303032B79D070B505460E463C4A57
:10AF4000136823F080631360FCF77EF80446384BE7
:10AF50001B6813F0006F06D0FCF776F8031B022B7A
:10AF6000F5D9032070BD324B9A6A22F47C322968ED
:10AF700042EA01329A626A68013AC2F30802A96899
:10AF80000139490289B20A43E9680139090401F427
:10AF9000FE010A4329690139090601F0FE410A430D
:10AFA0009A63DA6A22F0C00269690A43DA62DA6AED
:10AFB00022F02002A9690A43DA62DA6A22F010025A
:10AFC000DA62DA6B6FF3CF02E96942EAC102DA634F
:10AFD000DA6A42F01002DA62C6B91A46DB6A43F452
:10AFE0000023D362124A136843F080631360FCF7B6
:10AFF0002BF804460E4B1B6813F0006F14D1FCF7BE
:10B0000023F8001B0228F5D90320ABE7012E05D059
:10B01000074AD36A43F40013D362E3E7044AD36ACE
:10B0200043F48013D362DDE700209BE701207047E3
:10B0300000440258404B9B6A03F00303032B79D072
:10B0400070B505460E463C4A136823F080531360E2
:10B05000FBF7FAFF0446384B1B6813F0005F06D07D
:10B06000FBF7F2FF031B022BF5D9032070BD324B17
:10B070009A6A22F07C72296842EA01529A626A68EE
:10B08000013AC2F30802A9680139490289B20A43A8
:10B09000E9680139090401F4FE010A43296901390B
:10B0A000090601F0FE410A431A64DA6A22F440629A
:10B0B00069690A43DA62DA6A22F40072A9690A430A
:10B0C000DA62DA6A22F48072DA625A6C6FF3CF02C3
:10B0D000E96942EAC1025A64DA6A42F48072DA62C9
:10B0E000C6B91A46DB6A43F48003D362124A136876
:10B0F00043F080531360FBF7A7FF04460E4B1B6819
:10B1000013F0005F14D1FBF79FFF001B0228F5D955
:10B110000320ABE7012E05D0074AD36A43F08073C2
:10B12000D362E3E7044AD36A43F40003D362DDE762
:10B1300000209BE70120704700440258F8B5044600
:10B14000036813F0006F30D0436EB3F5001F26D0B4
:10B150000ED8ABB1B3F5801F07D102210830FFF73D
:10B16000E5FE054695B12E4621E0012635461EE056
:10B17000B3F5401F01D1002508E00126354616E051
:10B180009B4AD36A43F40033D3620025984A136D77
:10B1900023F44013616E0B431365002607E0022180
:10B1A0002830FFF747FF0546DCE7002635462368D1
:10B1B00013F4807F14D0A36D042B34D8DFE803F0A0
:10B1C00003252C0808008A4AD36A43F40033D3626B
:10B1D00065BB874A136D23F00703A16D0B4313650D
:10B1E000236813F4806F47D0D4F8A430B3F5800FF0
:10B1F00033D020D85BB3B3F5001F19D1002104F17F
:10B200000800FFF793FE05462DE0002104F1080039
:10B21000FFF78CFE0546DBE7002104F12800FFF76D
:10B2200009FF0546D4E701263546D9E72E46D7E77C
:10B230000126354620E0B3F5000F14D0B3F5200FFA
:10B2400011D0B3F5C00F0ED00126354614E0684A80
:10B25000D36A43F40033D36205E0002104F12800EF
:10B26000FFF7E8FE0546E5B9614A936D23F46003F4
:10B27000D4F8A4100B439365236813F4006F36D001
:10B28000D4F8A830B3F1007F22D00FD8D3B1B3F1F6
:10B29000807F08D1002104F10800FFF747FE054632
:10B2A0001CE02E46E8E70126354620E0B3F1806F2A
:10B2B00014D0B3F1A06F11D0B3F1407F0ED00126AE
:10B2C000354614E04A4AD36A43F40033D36205E0BA
:10B2D000002104F12800FFF7ADFE0546C5B9444A38
:10B2E000936D23F0E063D4F8A8100B4393652368B3
:10B2F00013F0007F24D0E36C202B13D00DD8BBB10A
:10B30000102B07D13A4AD36A43F40033D3620FE0DB
:10B310002E46ECE70126354612E0302B08D00126F8
:10B3200035460DE0022104F10800FFF7FFFD054658
:10B33000D5B92F4AD36C23F03003E16C0B43D364AF
:10B34000236813F4805F31D0E36DB3F5005F1FD045
:10B350000FD8BBB1B3F5805F08D1002104F108001C
:10B36000FFF7E4FD054619E02E46E9E701263546DC
:10B370001CE0B3F5405F11D0B3F5804F0ED001262D
:10B38000354613E01A4AD36A43F40033D36205E02A
:10B39000002104F12800FFF74DFE054615BB144AB5
:10B3A000136D23F4E043E16D0B431365236813F43D
:10B3B000005F33D0236EB3F5003F27D01AD843B1D6
:10B3C000B3F5803F10D1012104F10800FFF7AEFD75
:10B3D000054615BB064A136D23F4E023216E0B438B
:10B3E00013651BE02E46E1E70126354616E000BF57
:10B3F00000440258B3F5802FEBD0B3F5A02FE8D06E
:10B40000B3F5403FE5D00126354607E0012104F1C0
:10B410002800FFF70FFE0546DBE72E46236813F4EE
:10B42000804F30D0D4F8AC30B3F1005F23D016D8C1
:10B4300043B1B3F1805F0FD1012104F10800FFF7A0
:10B4400075FD0546F5B98B4A936D23F0E043D4F8BA
:10B45000AC100B43936516E00126354613E0B3F1BB
:10B46000804FEFD0B3F1A04FECD0B3F1405FE9D003
:10B470000126354607E0012104F12800FFF7DAFD37
:10B480000546DFE72E46236813F4004F20D0E36E15
:10B49000B3F1805F06D0B3F1005F11D03BB101265C
:10B4A000354615E0734AD36A43F40033D36275B965
:10B4B000704A136D23F04053E16E0B43136507E0B0
:10B4C000012104F10800FFF731FD0546EFE72E46A4
:10B4D000236813F0807F13D0A36C032B3BD8DFE8E5
:10B4E00003F007023307634AD36A43F40033D3629D
:10B4F000A5BB604AD36C23F00303A16C0B43D36458
:10B50000236813F4800F2BD1236813F0010F00F090
:10B51000A380A36F282B00F29D80DFE803F08B9BB4
:10B520009B9B9B9B9B9B859B9B9B9B9B9B9B949B88
:10B530009B9B9B9B9B9B8B9B9B9B9B9B9B9B8B9B7B
:10B540009B9B9B9B9B9B8B00022104F10800FFF7B8
:10B55000EDFC0546CCE701263546D1E72E46CFE780
:10B56000454A136843F480731360FBF76DFD07468B
:10B57000414B1B6813F4807F05D1FBF765FDC01BB1
:10B580006428F5D90325002D4AD13A4B1B6FD4F816
:10B59000B020534013F4407F0CD0364B1A6F22F486
:10B5A0004072196F41F480311967196F21F48031AD
:10B5B00019671A67D4F8B030B3F5807F15D08DBB0A
:10B5C000D4F8B03003F44072B2F5407F1ED0294A5F
:10B5D000136923F47C53136126490B6FD4F8B02010
:10B5E000C2F30B0213430B678EE7FBF72DFD0746F3
:10B5F000204B1B6F13F0020FE1D1FBF725FDC01BA1
:10B6000041F288339842F3D90325D8E719480269F3
:10B6100022F47C52194901EA131313430361DBE757
:10B620002E4671E72E466FE7012104F10800FFF76F
:10B630007DFC0546E5B90F4A536D23F03803A16F31
:10B640000B43536508E0012104F12800FFF7F2FCE9
:10B650000546EFE701263546236813F0020F1DD09B
:10B66000636F052B32D8DFE803F0110B2A1111119B
:10B670002E46F1E70044025800480258CFFFFF0071
:10B68000012104F10800FFF751FC05460DBBB74A44
:10B69000536D23F00703616F0B435365236813F069
:10B6A000040F29D0D4F89030052B00F20881DFE890
:10B6B00013F018001200FF001800180018000121F4
:10B6C00004F12800FFF7B6FC0546DFE70126354602
:10B6D000E4E72E46E2E7012104F10800FFF726FC2B
:10B6E0000546002D40F0EE80A04A936D23F007033D
:10B6F000D4F890100B439365236813F0200F1DD0EE
:10B70000D4F88C30B3F1005F00F0F08000F2DF80FD
:10B710004BB1B3F1805F40F0D780002104F1080005
:10B72000FFF704FC0546002D40F0E7808F4A536D7B
:10B7300023F0E043D4F88C100B435365236813F0D7
:10B74000400F1DD0D4F89830B3F5006F00F0E980B9
:10B7500000F2D8804BB1B3F5806F40F0D08000216B
:10B7600004F10800FFF7E2FB0546002D40F0E08001
:10B770007E4A936D23F4E053D4F898100B439365FD
:10B78000236813F0800F1DD0D4F89C30B3F5804FA0
:10B7900000F0E28000F2D1804BB1B3F5005F40F0E1
:10B7A000C980002104F10800FFF7C0FB0546002D09
:10B7B00040F0D9806D4A936D23F46043D4F89C1017
:10B7C0000B439365236813F0080F0DD0D4F8803035
:10B7D000B3F5805F00F0CC80644A536D23F440538E
:10B7E000D4F880100B435365236813F0100F0DD06D
:10B7F000D4F89430B3F5807F00F0C4805B4A936D39
:10B8000023F44073D4F894100B439365236813F426
:10B81000002F1CD0D4F8A030B3F5803F00F0BC80DE
:10B82000B3F5003F08D0002B40F0BD80002104F1AB
:10B830000800FFF77BFB0546002D40F0B7804B4A20
:10B84000936D23F44033D4F8A0100B439365236821
:10B8500013F4802F1CD0D4F88430B3F5001F00F00F
:10B86000A780B3F5401F08D0B3F5801F40F0A78034
:10B870003E4AD36A43F40033D362002D40F0A280E5
:10B880003A4A536D23F44013D4F884100B435365A4
:10B89000236813F4803F00F0AD80236D002B00F08F
:10B8A0009380B3F5803F00F09D8001263546A1E0EE
:10B8B000012104F12800FFF7BDFB054611E7012631
:10B8C000354619E72E4617E70126354636E7B3F128
:10B8D000804F3FF428AFB3F1A04F3FF424AFB3F152
:10B8E000405F3FF420AF0126354627E7022104F1EF
:10B8F0002800FFF79FFB054615E72E461EE70126A9
:10B9000035463DE7B3F5805F3FF42FAFB3F5A05F59
:10B910003FF42BAFB3F5406F3FF427AF0126354618
:10B920002EE7022104F12800FFF784FB05461CE7FF
:10B930002E4625E70126354644E7B3F5004F3FF490
:10B9400036AFB3F5204F3FF432AFB3F5C04F3FF4FD
:10B950002EAF0126354635E7022104F12800FFF716
:10B9600069FB054623E72E462CE700BF004402583A
:10B97000022104F12800FFF75DFB00283FF42CAF03
:10B98000012629E7022104F12800FFF753FB0028D4
:10B990003FF434AF012631E7022104F12800FFF71C
:10B9A00049FB054648E70126354650E72E464EE757
:10B9B000012104F12800FFF73DFB05465DE7012664
:10B9C000354665E72E4663E7694AD36A43F4003398
:10B9D000D36275B9664AD36C23F48033216D0B436F
:10B9E000D36407E0022104F10800FFF79FFA05463F
:10B9F000EFE72E46236813F0005F10D1236813F49D
:10BA0000003F26D0E36FB3F5807F14D010D9B3F593
:10BA1000007F15D0B3F5407F12D0012619E0022136
:10BA200004F12800FFF706FB0028E7D00126E5E730
:10BA300033B101260DE04E4AD36A43F40033D3629A
:10BA4000002D5CD14A4A536D23F44073E16F0B43E0
:10BA50005365236813F4801F06D0454A136D23F005
:10BA60000043216F0B431365236813F4001F06D0B6
:10BA70003F4A136D23F08073A16E0B431365236857
:10BA800013F0804F09D03A4B1A6922F400421A6130
:10BA90001A69D4F8B4100A431A612368002B06DA35
:10BAA000334AD36C23F04053616D0B43D364236856
:10BAB00013F4000F07D02E4A536D23F44003D4F83B
:10BAC00088100B435365636813F0010F19D1636845
:10BAD00013F0020F1ED1636813F0040F23D16368C3
:10BAE00013F0080F28D1636813F0100F2DD163688D
:10BAF00013F0200F32D106B101263046F8BD2E4694
:10BB0000A7E7002104F10800FFF710FA0028DED0B3
:10BB10000646DCE7012104F10800FFF707FA0028D8
:10BB2000D9D00646D7E7022104F10800FFF7FEF955
:10BB30000028D4D00646D2E7002104F12800FFF700
:10BB400079FA0028CFD00646CDE7012104F128007C
:10BB5000FFF770FA0028CAD00646C8E7022104F1B0
:10BB60002800FFF767FA0028C5D00126C5E700BF07
:10BB70000044025808B5FFF769F9054B1B6AC3F387
:10BB80000213044AD35C03F01F03D84008BD00BF72
:10BB9000004402580820010810B4794B9A6A9C6A44
:10BBA000C4F3053CD96AC1F30011DB6BC3F3CC03CA
:10BBB00001FB03F314F47C3F00F0DD8002F003028C
:10BBC00007EE903AF8EE677A012A4BD0022A00F08D
:10BBD0009880002A40F0B280694B1B6813F0200F58
:10BBE00023D067490A68C2F3C102664BD34007EE0F
:10BBF000103AF8EE476A07EE10CAB8EE476A86EECA
:10BC0000867A8B6BC3F3080306EE903AF8EE666A09
:10BC10009FED5D6A67EE867A76EEA77AF7EE006AA8
:10BC200077EEA67A27EE277A38E007EE10CAF8EE0C
:10BC3000476A9FED566A86EE267A514B9B6BC3F39B
:10BC4000080306EE903AF8EE666A9FED4F6A67EEDB
:10BC5000867A76EEA77AF7EE006A77EEA67A27EE76
:10BC6000277A1BE007EE10CAF8EE476A9FED486A94
:10BC700086EE267A424B9B6BC3F3080306EE903A9E
:10BC8000F8EE666A9FED406A67EE867A76EEA77AEE
:10BC9000F7EE006A77EEA67A27EE277A384A936B9A
:10BCA000C3F3462307EE903AF8EE677AF7EE006AA0
:10BCB00077EEA67A87EE276ABCEEC66A80ED006A48
:10BCC000936BC3F3064307EE903AF8EE677A77EE8C
:10BCD000A67A87EE276ABCEEC66A80ED016A936B8E
:10BCE000C3F3066307EE903AF8EE677A77EEA67A2A
:10BCF000C7EE276AFCEEE66AC0ED026A5DF8044B07
:10BD0000704707EE10CAF8EE476A9FED226A86EE8A
:10BD1000267A1B4B9B6BC3F3080306EE903AF8EEB2
:10BD2000666A9FED196A67EE867A76EEA77AF7EE75
:10BD3000006A77EEA67A27EE277AAFE707EE10CAF9
:10BD4000F8EE476A9FED126A86EE267A0C4B9B6BE3
:10BD5000C3F3080306EE903AF8EE666A9FED0A6AAE
:10BD600067EE867A76EEA77AF7EE006A77EEA67A25
:10BD700027EE277A92E70023036043608360BDE7E4
:10BD8000004402580090D003000000390024744C95
:10BD90000024744A001BB74B10B4794B9A6A9C6A12
:10BDA000C4F3055CD96AC1F300215B6CC3F3CC0317
:10BDB00001FB03F314F07C7F00F0DD8002F003024E
:10BDC00007EE903AF8EE677A012A4BD0022A00F08B
:10BDD0009880002A40F0B280694B1B6813F0200F56
:10BDE00023D067490A68C2F3C102664BD34007EE0D
:10BDF000103AF8EE476A07EE10CAB8EE476A86EEC8
:10BE0000867A0B6CC3F3080306EE903AF8EE666A86
:10BE10009FED5D6A67EE867A76EEA77AF7EE006AA6
:10BE200077EEA67A27EE277A38E007EE10CAF8EE0A
:10BE3000476A9FED566A86EE267A514B1B6CC3F318
:10BE4000080306EE903AF8EE666A9FED4F6A67EED9
:10BE5000867A76EEA77AF7EE006A77EEA67A27EE74
:10BE6000277A1BE007EE10CAF8EE476A9FED486A92
:10BE700086EE267A424B1B6CC3F3080306EE903A1B
:10BE8000F8EE666A9FED406A67EE867A76EEA77AEC
:10BE9000F7EE006A77EEA67A27EE277A384A136C17
:10BEA000C3F3462307EE903AF8EE677AF7EE006A9E
:10BEB00077EEA67A87EE276ABCEEC66A80ED006A46
:10BEC000136CC3F3064307EE903AF8EE677A77EE09
:10BED000A67A87EE276ABCEEC66A80ED016A136C0B
:10BEE000C3F3066307EE903AF8EE677A77EEA67A28
:10BEF000C7EE276AFCEEE66AC0ED026A5DF8044B05
:10BF0000704707EE10CAF8EE476A9FED226A86EE88
:10BF1000267A1B4B1B6CC3F3080306EE903AF8EE2F
:10BF2000666A9FED196A67EE867A76EEA77AF7EE73
:10BF3000006A77EEA67A27EE277AAFE707EE10CAF7
:10BF4000F8EE476A9FED126A86EE267A0C4B1B6C60
:10BF5000C3F3080306EE903AF8EE666A9FED0A6AAC
:10BF600067EE867A76EEA77AF7EE006A77EEA67A23
:10BF700027EE277A92E70023036043608360BDE7E2
:10BF8000004402580090D003000000390024744C93
:10BF90000024744A001BB74BC36B5B09C0680830B0
:10BFA000C00803FB00007047002800F0B78070B5A0
:10BFB00004460023836205685C4B5D4E9D4218BFBA
:10BFC000B54214BF0126002607D0A3F574439D4255
:10BFD00003D0C3680F2B00F2A3802046FFF7DCFFDD
:10BFE0002EB1544B9D4202D0082800F29B804F4A4C
:10BFF0004F4B9D4218BF954203D003F580639D428D
:10C0000002D1102800F2908094F88130F3B102231D
:10C0100084F881302268136823F0010313602368D9
:10C020009A6802F4F812A169B1F1806F14D06368C4
:10C0300013F4800F23D0E368062B20D921680B6806
:10C0400023F48073206D03430B601DE084F880307F
:10C050002046F5F701FBDAE76168B1F5800F06D0FD
:10C060000029E4D1A16BB1F1805FE0D102E0A06BC7
:10C070000028F5D1196841F480511960D7E721688B
:10C080000B6823F480730B60E369A16A0B431343CD
:10C09000E26B1343E16822680B439360636B626A4F
:10C0A0001343A26B1343A2691343226913436269CA
:10C0B0001343226A134362681343E26C1343A2687A
:10C0C0001343A26C1343A16D22680B43D3606368D2
:10C0D0006BB92268936823F4C05343F40063936000
:10C0E0002268936823F4C06343F4806393602268FA
:10C0F000136D23F001031365636813F4800F06D0FA
:10C100002268D36823F00043616D0B43D3600020A5
:10C11000C4F88400012384F8813070BD0120704789
:10C120000120FAE70120F8E70120F6E7003001409E
:10C1300000380040003C0040F0B4026A036A23F07B
:10C1400001030362466884691E4B23400D681D434A
:10C1500022F002028B6813431B4A1C4CA04218BFFA
:10C1600090420CBF012200220CD004F58044A04272
:10C1700014BF00240124164FB84203D014B9154C43
:10C18000A04205D123F00803CC68234323F0040325
:10C190005AB9114A904214BF002201220C4CA0420D
:10C1A00003D012B90B4A904205D126F440764A6971
:10C1B00032438E691643466085614A684263036272
:10C1C000F0BC70478CFFFEFF0000014000040140FE
:10C1D00000400140004801400044014070B4036A3F
:10C1E000026A22F4807202624568C4691A4A2240D7
:10C1F0000E68164323F400738A6843EA0223174A41
:10C20000174CA04218BF90420CBF0122002206D159
:10C2100023F40063CC6843EA042323F480635AB90F
:10C22000104A904214BF002201220F4CA04203D0BA
:10C2300012B90E4A904207D125F440524C6942EAA5
:10C2400004128C6942EA04154560C6614A68C263FB
:10C25000036270BC704700BF8CFFFEFF000001400E
:10C2600000040140004401400040014000480140FA
:10C2700070B4036A026A22F4805202624468C5699B
:10C28000144A2A400D6842EA052223F400538D68BF
:10C2900043EA0533104E114DA84218BFB0420DD0ED
:10C2A00005F58045A84214BF0025012506F5804606
:10C2B000B04203D015B90A4DA84204D124F48044F9
:10C2C0004D6944EA85144460C2614A6802640362AD
:10C2D00070BC7047FF8CFFFE00000140000401406D
:10C2E0000048014070B4036A026A22F4803202629C
:10C2F0004268456D144E2E400D682E4323F40033E2
:10C300008C6843EA0443114D114CA04218BFA84267
:10C310000DD004F58044A04214BF0024012405F58B
:10C320008045A84203D014B90A4CA04204D122F49B
:10C3300080324C6942EA0422426046654A6882655E
:10C34000036270BC704700BF8FFFFEFF000001401A
:10C35000000401400048014070B4036A026A22F4FC
:10C36000801202624468456D144A2A400D6842EA10
:10C37000052223F400138D6843EA0553104E114D36
:10C38000A84218BFB0420DD005F58045A84214BFA1
:10C390000025012506F58046B04203D015B90A4DA7
:10C3A000A84204D124F480244D6944EA85244460E1
:10C3B00042654A68C265036270BC7047FF8FFFFE2A
:10C3C00000000140000401400048014070470000A7
:10C3D00090F83D30012B42D1022380F83D300268B5
:10C3E000D36843F00103D36003681F4AB3F1804F61
:10C3F00018BF934225D0A2F57C42934221D002F58A
:10C40000806293421DD002F58062934219D002F5FA
:10C410007842934215D0A2F56C42934211D002F5B6
:10C42000943293420DD0A2F5C042934209D002F556
:10C430008062934205D01A6842F001021A6000201F
:10C4400070479968094A0A40062A18BFB2F5803F2A
:10C4500007D01A6842F001021A60002070470120DC
:10C4600070470020704700BF000001400700010036
:10C4700070477047704770B504460368DE681D69F1
:10C4800015F0020F10D016F0020F0DD06FF002025F
:10C490001A610123037703689B6913F0030F64D0CB
:10C4A000FFF7E7FF0023237715F0040F12D016F0F3
:10C4B000040F0FD023686FF004021A610223237760
:10C4C00023689B6913F4407F55D02046FFF7D1FFC6
:10C4D0000023237715F0080F12D016F0080F0FD0A5
:10C4E00023686FF008021A61042323772368DB694D
:10C4F00013F0030F46D02046FFF7BBFF002323773E
:10C5000015F0100F12D016F0100F0FD023686FF037
:10C5100010021A61082323772368DB6913F4407F34
:10C5200037D02046FFF7A5FF0023237715F0010F32
:10C5300002D016F0010F33D115F4025F02D016F0CD
:10C54000800F35D115F4807F02D016F0800F37D1DF
:10C5500015F0400F02D016F0400F39D115F0200F22
:10C5600002D016F0200F3BD170BDFFF781FF2046AF
:10C57000F7F77AF996E72046FFF77AFF2046F7F7B4
:10C5800073F9A5E72046FFF773FF2046F7F76CF92C
:10C59000B4E72046FFF76CFF2046F7F765F9C3E7DD
:10C5A00023686FF001021A612046F4F77DFFC3E7AC
:10C5B00023686FF402521A61204600F09AFAC1E72C
:10C5C00023686FF480721A61204600F093FABFE787
:10C5D00023686FF040021A612046FFF74BFFBDE76A
:10C5E00023686FF020021A61204600F081FABBE751
:10C5F00070B403683E4A904214BF00220122B0F199
:10C60000804F14BF144642F00104ACB9394DA84222
:10C6100014BF00250125384EB0420DD065B905F193
:10C62000804505F58235A84214BF0025012506F591
:10C630000066B04200D01DB123F070034D682B435B
:10C6400064BB2C4CA04214BF002401242A4DA842F4
:10C6500024D01CBB04F1804404F58234A04214BFF2
:10C660000024012405F50065A84217D0B4B9234C75
:10C67000A04214BF0024012405F59A35A8420DD02C
:10C6800064B91F4CA04214BF0024012405F50065C5
:10C69000A84203D014B91B4CA04203D123F4407329
:10C6A000CC68234323F080034C6923438C68C46225
:10C6B0000C688462144CA04208BF42F0010262B9C7
:10C6C0000E4A904214BF0022012204F57054A04289
:10C6D00003D012B90D4A904201D10A69026302687F
:10C6E00042F00402026001224261036070BC7047A4
:10C6F00000000140000800400004004000440140E8
:10C7000000E0004000E40040000401400048014017
:10C7100060B310B5044690F83D3013B3022384F89B
:10C720003D30214651F8040BFFF762FF012384F8E6
:10C73000483084F83E3084F83F3084F8403084F844
:10C74000413084F8423084F8433084F8443084F82F
:10C75000453084F8463084F8473084F83D30002076
:10C7600010BD80F83C30FFF731FED7E7012070475D
:10C7700060B310B5044690F83D3013B3022384F83B
:10C780003D30214651F8040BFFF732FF012384F8B6
:10C79000483084F83E3084F83F3084F8403084F8E4
:10C7A000413084F8423084F8433084F8443084F8CF
:10C7B000453084F8463084F8473084F83D30002016
:10C7C00010BD80F83C30F5F7FDF8D7E70120704741
:10C7D00070B4036A026A22F010020262456884693A
:10C7E0001A4E26400C6846EA042623F020038A6885
:10C7F00043EA0213164A174CA04218BF90420CBFDE
:10C800000122002206D123F08003CC6843EA0413FE
:10C8100023F040035AB9104A904214BF002201226B
:10C820000E4CA04203D012B90D4A904207D125F414
:10C83000406C4A694CEA820C8A694CEA8205456080
:10C8400086614A688263036270BC7047FF8CFFFE9A
:10C85000000001400004014000440140004001404C
:10C860000048014038B590F83C30012B00F095802D
:10C8700004460D46012380F83C30142A00F28880DB
:10C88000DFE802F00B8686861F86868634868686DB
:10C89000488686865D86868671000068FFF74CFCB8
:10C8A0002268936943F0080393612268936923F037
:10C8B000040393612268936929690B439361002003
:10C8C00067E00068FFF784FF2268936943F4006320
:10C8D00093612268936923F480639361226893696A
:10C8E000296943EA01239361002052E00068FFF7C1
:10C8F00075FC2268D36943F00803D3612268D369C9
:10C9000023F00403D3612268D36929690B43D361FF
:10C9100000203EE00068FFF7ABFC2268D36943F4D7
:10C920000063D3612268D36923F48063D3612268F2
:10C93000D369296943EA0123D361002029E0006813
:10C94000FFF7D0FC2268536D43F00803536522685B
:10C95000536D23F0040353652268536D29690B431B
:10C960005365002015E00068FFF7F6FC2268536D60
:10C9700043F4006353652268536D23F48063536569
:10C980002268536D296943EA01235365002000E0C2
:10C990000120002384F83C3038BD0220FCE7000071
:10C9A00090F83C20012A4DD070B40346012280F853
:10C9B0003C20022280F83D20026850689468224E94
:10C9C000224DAA4218BFB24203D120F470004D6834
:10C9D000284320F070000D68284350601A681A48F8
:10C9E000B2F1804F18BF82421FD0A0F57C40824236
:10C9F0001BD000F58060824217D000F58060824233
:10CA000013D000F5784082420FD0A0F56C408242EE
:10CA10000BD000F59430824207D0A0F5C04082428E
:10CA200003D000F58060824204D124F0800489683C
:10CA300021439160012283F83D20002083F83C00CF
:10CA400070BC7047022070470000014000040140A4
:10CA500090F83C30012B44D030B40246012380F8DA
:10CA60003C30CB6823F440738868034323F480632D
:10CA70004868034323F400630868034323F48053A6
:10CA80000869034323F400534869034323F48043B4
:10CA9000086B034323F47023886943EA004323F0BF
:10CAA0008053C869034310680F4D104CA04218BF53
:10CAB000A84210D123F470038C6A43EA045323F094
:10CAC00080730C6A234323F000734C6A234323F0E2
:10CAD0000053C96A0B434364002082F83C0030BC19
:10CAE00070470220704700BF000001400004014071
:10CAF000704770477047026852E8003F23F0C00358
:10CB000042E800310029F6D1026802F1080353E837
:10CB1000003F23F40003083242E800310029F3D13A
:10CB20002023C0F888307047026852E8003F23F4A1
:10CB3000907342E800310029F6D1026802F108033F
:10CB400053E8001F0D4B0B40083242E8003100292A
:10CB5000F3D1C36E012B06D02023C0F88C30002304
:10CB6000C36643677047026852E8003F23F0100332
:10CB700042E800310029F6D1EEE700BFFEFFFFEFEB
:10CB8000704708B5026852E8003F23F0400342E8CE
:10CB900000310029F6D12023C0F8883000238367B4
:10CBA000FFF7EEFF08BD7047704738B5846BD4F8C7
:10CBB0008820D4F88C5023689B6813F0800F01D034
:10CBC000212A10D023689B6813F0400F01D0222D3A
:10CBD00010D0D4F8903043F01003C4F890302046C1
:10CBE000F6F73AF838BD0023A4F856302046FFF790
:10CBF00082FFE7E70023A4F85E302046FFF794FFAA
:10CC0000E7E708B5806B0023A0F85E30F6F724F85C
:10CC100008BD000070B504460268D36910689168C9
:10CC200040F60F0C13EA0C0F0DD113F0200F10D0AB
:10CC300010F0200F02D111F0805F0AD0636F93B320
:10CC4000204698472FE0884D0D402DD1874E304229
:10CC50002AD1E56E012D00F0C08013F4801F03D0AF
:10CC600011F4800F40F0A28113F0800F07D010F074
:10CC7000800F40F0A28111F4000F40F09E8113F06C
:10CC8000400F03D010F0400F40F09E8113F4000FCE
:10CC900003D010F0804F40F09B8113F0807F02D0D2
:10CCA0000028C0F2998170BD13F0010F09D010F473
:10CCB000807F06D001261662D4F890203243C4F853
:10CCC000902013F0020F0BD011F0010F08D0226852
:10CCD00002261662D4F8902042F00402C4F8902094
:10CCE00013F0040F0BD011F0010F08D022680426B6
:10CCF0001662D4F8902042F00202C4F8902013F09B
:10CD0000080F0BD010F0200F00D13DB1226808258C
:10CD10001562D4F890202A43C4F8902013F4006FD1
:10CD20000CD010F0806F09D022684FF400651562B6
:10CD3000D4F8902042F02002C4F89020D4F890203B
:10CD4000002AB0D013F0200F09D010F0200F02D12C
:10CD500011F0805F03D0636F0BB120469847D4F881
:10CD6000902023689B6813F0400F02D112F0280F27
:10CD70002CD02046FFF7D8FE23689B6813F0400FA5
:10CD800020D0226802F1080353E8003F23F040035B
:10CD9000083242E800310029F3D1D4F880306BB179
:10CDA000334A1A65D4F88000FBF79EF800283FF458
:10CDB0007AAFD4F88000036D984774E72046F5F702
:10CDC0004BFF70E72046F5F747FF6CE72046F5F785
:10CDD00043FF0023C4F8903065E713F0100F3FF4D1
:10CDE0003CAF10F0100F3FF438AF102313622368EC
:10CDF0009B6813F0400F00F09F80D4F880201368E8
:10CE00001C481D498B4218BF834237D018318B42D2
:10CE100034D018318B4231D018318B422ED018319A
:10CE20008B422BD018318B4228D018318B4225D021
:10CE300001F556718B4221D018318B421ED018312A
:10CE40008B421BD018318B4218D018318B4215D031
:10CE500018318B4212D018318B420FD018318B42CF
:10CE60000CD05B689BB20BE00100001020010004B5
:10CE700003CC000810000240280002405B689BB20F
:10CE8000002B49D0B4F85C10994245D9A4F85E3023
:10CE9000D369B3F5807F32D0226852E8003F23F493
:10CEA000807342E800310029F6D1226802F10803BC
:10CEB00053E8003F23F00103083242E80031002923
:10CEC000F3D1226802F1080353E8003F23F0400346
:10CED000083242E800310029F3D12023C4F88C3015
:10CEE0000023E366226852E8003F23F0100342E883
:10CEF00000310029F6D1D4F88000FAF757FE02235A
:10CF00002367B4F85C10B4F85E309BB2C91A89B2DA
:10CF10002046F5F7DDFDC6E6B4F85C1099427FF4D3
:10CF2000C2AED369B3F5807F7FF4BDAE0223236721
:10CF30002046F5F7CDFDB6E6B4F85C10B4F85E30E7
:10CF40009BB2C91A89B2B4F85E309BB2002B3FF491
:10CF5000AAAE00293FF4A7AE226852E8003F23F4AE
:10CF6000907342E800300028F6D1226802F10803ED
:10CF700053E8000F1A4B0340083242E80030002803
:10CF8000F3D12023C4F88C300023E3666367226862
:10CF900052E8003F23F0100342E800300028F6D1A9
:10CFA000022323672046F5F793FD7CE64FF48013B8
:10CFB0001362204600F09AFD75E6A36F002B3FF444
:10CFC00072AE204698476EE62046FFF7DAFD6AE625
:10CFD000204600F08DFD66E6204600F088FD62E602
:10CFE000FEFFFFEF08B5806B01230367C36E012BC3
:10CFF00002D0FFF7D9FD08BDB0F85C104908F5F77D
:10D0000067FDF8E708B50346806BDB69B3F5807F01
:10D0100029D00023A0F85E30026852E8003F23F4D4
:10D02000807342E800310029F6D1026802F108035A
:10D0300053E8003F23F00103083242E800310029A1
:10D04000F3D1026802F1080353E8003F23F04003E4
:10D05000083242E800310029F3D12023C0F88C3097
:10D06000C36E012B07D000230367C36E012B0CD0C6
:10D07000FFF799FD08BD026852E8003F23F0100356
:10D0800042E800310029F6D1EDE7B0F85C10F5F781
:10D090001FFDEFE770B586B004468368026913434D
:10D0A00042691343C269134301680868904A024009
:10D0B0001A430A602268536823F44053E1680B4323
:10D0C0005360A16922688B4B9A4201D0236A1943AD
:10D0D0009068894B03400B4393602268D36A23F026
:10D0E0000F03616A0B43D3622368844A934229D0B9
:10D0F000834A934200F09480824A934200F0AA80CF
:10D10000814A934200F0C080804A934200F0D6806A
:10D110007F4A934200F008817E4A934200F02D81BD
:10D120007D4A934200F040817C4A934200F0538153
:10D130007B4A934200F078816E4A934200F09D81D1
:10D1400080223BE0774A526D02F03802282A34D818
:10D15000DFE812F0290033003300330033003300DE
:10D1600033003300AB0133003300330033003300AE
:10D17000330033002B00330033003300330033001F
:10D18000330033002D00330033003300330033000D
:10D19000330033002F0033003300330033003300FB
:10D1A000330033003100012208E0082206E010229B
:10D1B00004E0202202E0402200E080224D498B4220
:10D1C00000F08C81E069B0F5004F00F00282202A67
:10D1D00000F25A82202A00F2A482DFE812F07102E3
:10D1E0007702A202A2027A02A202A202A2027F0295
:10D1F000A202A202A202A202A202A202A20284022D
:10D20000A202A202A202A202A202A202A202A202FE
:10D21000A202A202A202A202A202A202A202900200
:10D22000404A526D02F00702052A11D8DFE812F0D9
:10D2300006003F0108000A000C000E000022BDE7B6
:10D240000822BBE71022B9E72022B7E74022B5E762
:10D250008022B3E7334A526D02F00702052A11D843
:10D26000DFE812F00600270108000A000C000E009B
:10D270000022A3E70822A1E710229FE720229DE7D2
:10D2800040229BE7802299E7264A526D02F007026E
:10D29000052A11D8DFE812F006000F0108000A0085
:10D2A0000C000E00002289E7082287E7102285E79C
:10D2B000202283E7402281E780227FE7194A526DCE
:10D2C00002F00702052A11D8DFE812F00600F70085
:10D2D00008000A000C000E0000226FE708226DE72C
:10D2E00010226BE7202269E7402267E7802265E78A
:10D2F000F369FFCF000C0058FFF4FF11001001404C
:10D300000044004000480040004C004000500040F5
:10D310000014014000780040007C004000180140EB
:10D32000001C014000440258694A526D02F0380264
:10D33000282A20D8DFE802F0151F1F1F1F1F1F1FFC
:10D34000C31F1F1F1F1F1F1F171F1F1F1F1F1F1F51
:10D35000191F1F1F1F1F1F1F1B1F1F1F1F1F1F1FE7
:10D360001D0001222AE7082228E7102226E72022B2
:10D3700024E7402222E7802220E7554A526D02F03E
:10D380000702052A0ED8DFE802F0039C0507090B07
:10D39000002213E7082211E710220FE720220DE7F1
:10D3A00040220BE7802209E7494A526D02F007024A
:10D3B000052A0ED8DFE802F003870507090B0022D3
:10D3C000FCE60822FAE61022F8E62022F6E64022E1
:10D3D000F4E68022F2E63E4A526D02F03802282A34
:10D3E00020D8DFE802F0151F1F1F1F1F1F1F721F0D
:10D3F0001F1F1F1F1F1F171F1F1F1F1F1F1F191F4B
:10D400001F1F1F1F1F1F1B1F1F1F1F1F1F1F1D0051
:10D410000122D3E60822D1E61022CFE62022CDE673
:10D420004022CBE68022C9E6294A526D02F038023A
:10D43000282A20D8DFE802F0151F1F1F1F1F1F1FFB
:10D440004E1F1F1F1F1F1F1F171F1F1F1F1F1F1FC5
:10D45000191F1F1F1F1F1F1F1B1F1F1F1F1F1F1FE6
:10D460001D000122AAE60822A8E61022A6E6202234
:10D47000A4E64022A2E68022A0E602F50E32926DDA
:10D4800002F00702052A0ED8DFE802F0032605079E
:10D49000090B022292E6082290E610228EE6202254
:10D4A0008CE640228AE6802288E6042286E6042270
:10D4B00084E6042282E6042280E604227EE6042238
:10D4C0007CE604227AE6042278E6042276E600BFAF
:10D4D00000440258042271E604226FE6202A27D86D
:10D4E000022AC0F01081023A1E2A00F20E81DFE803
:10D4F00012F050000C0156000C010C010C015B00F5
:10D500000C010C010C010C010C010C010C01600060
:10D510000C010C010C010C010C010C010C010C01A3
:10D520000C010C010C010C010C010C010C016C0034
:10D53000402A2CD14FF40040626A804B33F812200D
:10D54000B0FBF2F3656805EB4501994200F2DF801C
:10D55000B3EB053F00F2DD80002633463146F3F79A
:10D56000BDFB090241EA106100026B08C0182A469F
:10D57000334641F10001F3F7B1FBA0F54072704B67
:10D580009A4200F2C8802368D8603046CAE0012081
:10D59000C8E0FEF7EFFA0028CED10020C2E003A8D1
:10D5A000FEF7FAFA0498F6E76846FEF7F5FB0198ED
:10D5B000F1E7644B1B6813F0200F08D0614B1B6828
:10D5C000C3F3C1036048D840B6E76048B4E75E489B
:10D5D000B2E7202A15D8202A00F29F80DFE802F067
:10D5E00031379D9D3A9D9D9D3F9D9D9D9D9D9D9DFE
:10D5F000449D9D9D9D9D9D9D9D9D9D9D9D9D9D9DB4
:10D600005000402A1BD1626A4C4B33F81230B0FBF9
:10D61000F3F06268530803EB4003B3FBF2F3A3F1AA
:10D6200010014FF6EF72914279D89AB222F00F02B0
:10D63000C3F3420313432268D360002072E0012049
:10D6400070E0FDF725FC0028DDD100206AE0FDF741
:10D6500031FCF8E703A8FEF79FFA0498F3E7684661
:10D66000FEF79AFB0198EEE7364B1B6813F0200F8C
:10D6700008D0344B1B68C3F3C1033348D840C2E71A
:10D680003248C0E73048BEE7402A17D14FF4004087
:10D69000626A2A4B33F81230B0FBF3F0636800EB98
:10D6A0005300B0FBF3F0A0F110024FF6EF739A4273
:10D6B00042D8236880B2D860002033E0012031E0F6
:10D6C000FDF7E6FB0028E3D100202BE0FDF7F2FB9D
:10D6D000F8E703A8FEF760FA0498F3E76846FEF758
:10D6E0005BFB0198EEE7174B1B6813F0200F08D087
:10D6F000144B1B68C3F3C1031348D840C8E7134851
:10D70000C6E71148C4E701200CE001200AE001202F
:10D7100008E0012006E0012004E0012002E00120F1
:10D7200000E001200123A4F86A30A4F86830002347
:10D730006367A36706B070BD0120F3E7E02001082E
:10D74000FFFC0F00004402580090D00300093D0088
:10D75000836A13F0080F06D00268536823F400436D
:10D76000816B0B435360836A13F0010F06D002688C
:10D77000536823F40033C16A0B435360836A13F088
:10D78000020F06D00268536823F48033016B0B4309
:10D790005360836A13F0040F06D00268536823F4C1
:10D7A0008023416B0B435360836A13F0100F06D044
:10D7B0000268936823F48053C16B0B439360836AC0
:10D7C00013F0200F06D00268936823F40053016C15
:10D7D0000B439360836A13F0400F0AD002685368CA
:10D7E00023F48013416C0B435360436CB3F5801FEB
:10D7F0000BD0836A13F0800F06D00268536823F4BD
:10D800000023C16C0B43536070470268536823F4D4
:10D81000C003816C0B435360EBE72DE9F8430546E9
:10D820000E4617469946DDF820802B68DC6936EAFB
:10D8300004040CBF01240024BC423AD1B8F1FF3FDC
:10D84000F3D0F9F701FCA0EB0900404534D8B8F15A
:10D85000000F33D02B681A6812F0040FE5D0B6F130
:10D86000400218BF0122802EDFD0002ADDD0DA6905
:10D8700012F0080F11D1DA6912F4006FD5D04FF40D
:10D8800000621A622846FFF74FF92023C5F890304E
:10D89000002385F8843003200CE008241C6228460D
:10D8A000FFF742F9C5F89040002385F88430012045
:10D8B00000E00020BDE8F8830320FBE70320F9E740
:10D8C00030B583B004460023C0F89030F9F7BCFBB4
:10D8D00005462268126812F0080F10D123681B68F1
:10D8E00013F0040F28D12023C4F88830C4F88C30FA
:10D8F0000020E066206784F8840003B030BD6FF03C
:10D900007E430093034600224FF400112046FFF7A8
:10D9100084FF0028E2D0226852E8003F23F0800311
:10D9200042E800310029F6D12023C4F888300023D2
:10D9300084F884300320E0E76FF07E4300932B46A9
:10D9400000224FF480012046FFF767FF0028CAD06D
:10D95000226852E8003F23F4907342E80031002926
:10D96000F6D1226802F1080353E8003F23F00103D7
:10D97000083242E800310029F3D12023C4F88C306A
:10D98000002384F884300320B7E778B310B5044649
:10D99000D0F888300BB32423C4F888302268136889
:10D9A00023F001031360A36AE3B92046FFF772FB7B
:10D9B000012811D02268536823F4904353602268F1
:10D9C000936823F02A0393602268136843F00103ED
:10D9D00013602046FFF774FF10BD80F88430F4F721
:10D9E000B7F9D8E72046FFF7B3FEDEE7012070471E
:10D9F00010B5044613468165A0F85C200022C0F8EB
:10DA000090202222C0F88C20D0F88020AAB1214991
:10DA1000D163D0F8802020491164D0F880201F49BC
:10DA2000D164D0F88020002111650168826D243115
:10DA3000D0F88000F9F770FF20BB236943B122685A
:10DA400052E8003F43F4807342E800310029F6D1E8
:10DA5000226802F1080353E8003F43F00103083253
:10DA600042E800310029F3D1226802F1080353E8AB
:10DA7000003F43F04003083242E800310029F3D16F
:10DA8000002010BD1023C4F890302023C4F88C303F
:10DA90000120F6E705D00008E5CF0008ABCB000871
:10DAA000436E2BB90123A0F86A30A0F868307047A4
:10DAB00030B403689A68C2F342629968490F094D0D
:10DAC0006B5C1B01084C615C93FBF1F3A0F86A30BE
:10DAD000AB5C1B01A25C93FBF2F3A0F8683030BC96
:10DAE000704700BF00210108F82001087047704707
:10DAF000704790F88430012B18D0012380F88430CF
:10DB00002423C0F8883003681A68196821F00101DD
:10DB1000196022F000520023436601680A60202247
:10DB2000C0F8882080F8843018467047022070477B
:10DB300038B590F88430012B1DD00446012380F8BD
:10DB400084302423C0F8883003681D681A6822F0E6
:10DB500001021A600268936823F0604319439160E0
:10DB6000FFF79EFF23681D602023C4F88830002043
:10DB700084F8840038BD0220FCE738B590F8843082
:10DB8000012B1DD00446012380F884302423C0F8E3
:10DB9000883003681D681A6822F001021A60026862
:10DBA000936823F0606319439160FFF779FF23685E
:10DBB0001D602023C4F88830002084F8840038BD1C
:10DBC0000220FCE7D0F88C30202B21D110B5044680
:10DBD000002A18BF002901D1012010BD0123C3660E
:10DBE00000230367FFF704FF0028F6D1E36E012B43
:10DBF00001D00120F1E7236810221A62226852E85E
:10DC0000003F43F0100342E800310029F6D1E4E779
:10DC10000220704782B000230193019B01330193DE
:10DC2000019BB3F1706F15D80369002BF5DA00235F
:10DC30000193036943F001030361019B01330193E5
:10DC4000019BB3F1706F08D8036913F0010FF4D191
:10DC5000002000E0032002B070470320FBE7000033
:10DC600084B010B5044603A880E80E009DF811307A
:10DC7000012B1FD1A36B23F48033A363E2681F4BF6
:10DC80001340E360E36823F44013E3609DF8183029
:10DC9000012B0AD02046FFF7BDFF9DF80E30012B67
:10DCA0001CD0BDE8104004B07047E36843F4801313
:10DCB000E360EFE7E36843F04003E3602046FFF7EB
:10DCC000A9FF9DF8153023B9A36B43F48033A363F8
:10DCD000E3E7A36B23F48033A363DEE7E36D9BB23A
:10DCE000E365E26D064B1343E365A36843F0060367
:10DCF000A360A36843F02003A360D2E7BFFFBDFF8A
:10DD00000000EE03022A0AD00922C36823F47053EC
:10DD1000C360C36843EA8223C36000207047204B7E
:10DD20000B44204A934229D91F4B0B441F4A93426C
:10DD300026D91F4B0B441F4A934223D91E4B0B4439
:10DD40001E4A934220D31E4B0B441E4A93421DD9B8
:10DD50001D4B0B441D4A93421AD31D4B0B441D4AC5
:10DD6000934217D31C4B0B441C4A934214D31C4BB5
:10DD70000B441C4A934211D20722C6E70F22C4E784
:10DD80000E22C2E70D22C0E70C22BEE70B22BCE741
:10DD90000A22BAE70922B8E70822B6E70622B4E762
:10DDA000405327FFFF340C00401E1BFF3F420F0073
:10DDB00000DC0BFF7F4F1200808CF9FE20D6130091
:10DDC00060B6E5FE5FE3160000D3CEFE40771B0091
:10DDD000C05BB3FEC091210000CA91FE20753800DF
:10DDE000E05459FEE09C4100836843F001038360E6
:10DDF00000207047836823F0010383600020704790
:10DE000082B000230193019B01330193019BB3F185
:10DE1000706F15D80369002BF5DA0023019389018F
:10DE200041F020010161019B01330193019BB3F19A
:10DE3000706F08D8036913F0200FF4D1002000E0C0
:10DE4000032002B070470320FBE782B00023019358
:10DE5000019B01330193019BB3F1706F13D80369E8
:10DE6000002BF5DA0023019310230361019B01339A
:10DE70000193019BB3F1706F08D8036913F0100F81
:10DE8000F4D1002000E0032002B070470320FBE73C
:10DE9000D0F800381943C0F800180020704700007F
:10DEA00084B0F8B5044607A880E80E00002306E019
:10DEB00003F1400204EB82020021516001330E2B7A
:10DEC000F6D99DF8266006BBD4F8043843F0020367
:10DED000C4F80438A36B23F40013A363236843F04E
:10DEE00040032360236843F0800323600023C4F8C9
:10DEF000003E9DF82130012B11D19DF81F304BB908
:10DF000000212046FFF7C4FF0DE0A36B43F400138C
:10DF1000A363EBE701212046FFF7BAFF03E00321EB
:10DF20002046FFF7B5FF10212046FFF769FF0546A1
:10DF300000B101252046FFF788FF00B1012504F557
:10DF4000006C0023CCF81030CCF81430CCF81C3026
:10DF50000DE04FF09040C2F8000902E00020C2F846
:10DF6000000900220A614FF67F328A6001339DF872
:10DF70001C1099420ED904EB431202F51061D2F83D
:10DF800000090028EADA002BE3D14FF00060C2F864
:10DF90000009E6E700230AE0BBB14FF09047C2F862
:10DFA000007B002202614FF67F328260013399428A
:10DFB00010D904EB431202F53060D2F8007B002F39
:10DFC000EADB0027C2F8007BEBE74FF00067C2F8FE
:10DFD000007BE6E7DCF8103023F48073CCF81030D7
:10DFE0000023A3616FF0804363619DF81E301BB96D
:10DFF000A36943F01003A361A2690B4B1343A36110
:10E000009DF822301BB1A36943F00803A361012EE0
:10E0100004D02846BDE8F84004B07047A269034B1D
:10E020001343A361F5E700BF00383C8004000040C3
:10E03000D0F8083803F00603022B04D0062B04D0D6
:10E040002BB90020704702207047022070470F2034
:10E050007047000010B591F800C04B78012B21D01B
:10E0600000F5006ED0F81C380CF00F040122A2401D
:10E0700043EA0243C0F81C3800EB4C10D0F8003BD8
:10E0800013F4004F0CD1D0F8002B8B68C3F30A03B4
:10E09000097943EA81431A43134B1343C0F8003B09
:10E0A000002010BDD0F81C280CF00F0E03FA0EF360
:10E0B0009BB21343C0F81C3800EB4C10D0F8003969
:10E0C00013F4004FECD1D0F800298B68C3F30A0396
:10E0D000097943EA814343EA8C531A43024B1343C1
:10E0E000C0F80039DCE700BF0080001030B40B78C6
:10E0F0004A78012A26D000EB4313D3F8002B002ADC
:10E1000052DBD0F83C480A7802F00F024FF0010CC5
:10E110000CFA02F224EA0242C0F83C28D0F81C288B
:10E12000097801F00F010CFA01FC22EA0C42C0F858
:10E130001C28D3F8001B234A0A40C3F8002B0020F8
:10E1400030BC704700EB4313D3F80029002A1EDBD4
:10E15000D0F83C580A7802F00F02012404FA02F2C7
:10E1600092B225EA0202C0F83C28D0F81C280978AF
:10E1700001F00F018C40A4B222EA0402C0F81C286E
:10E18000D3F80019104A0A40C3F80029D7E7D3F89A
:10E19000002942F00062C3F80029D3F8002942F0B8
:10E1A0008042C3F80029D3E7D3F8002B42F0006285
:10E1B000C3F8002BD3F8002B42F08042C3F8002BA9
:10E1C0009FE700BF0078F3EF007833EC10B483B022
:10E1D000024600230193487801280BD00B7802EB0C
:10E1E0004313D3F8000B00282DDB002003B05DF8AB
:10E1F000044B70470B7802EB4313D3F80049002C13
:10E2000001DB0020F2E7D3F8004944F00064C3F8D2
:10E2100000490B7802EB4313D3F8004944F08044E3
:10E22000C3F80049019B01330193019C42F2107332
:10E230009C42DBD80B7802EB4313D3F80039002B58
:10E24000F0DB0020D2E7D3F8000B40F00060C3F809
:10E25000000B0B7802EB4313D3F8000B40F0804027
:10E26000C3F8000B019B01330193019842F2107334
:10E27000984208D80B7802EB4313D3F8003B002BED
:10E28000F0DB0020B2E70120B0E710B59DF80840B0
:10E2900084B903334FEA930E4FF0000C08E000EB13
:10E2A000023303F5805351F8044B1C600CF1010C50
:10E2B000F445F4D3002010BDF0B583B00C784B7852
:10E2C000012B2DD000EB441C0CF530631D696FF35E
:10E2D00012051D611D696FF3DC451D61002C40F0C6
:10E2E000CE800C690CB18C680C618C680C621D6965
:10E2F000C4F312042C431C611C6944F400241C6107
:10E30000012A00F0DF800B79012B00F0E180DCF8BE
:10E31000003B43F00443CCF8003B002003B0F0BDC9
:10E320000B6973BB00EB4413D3F810596FF3DC4552
:10E33000C3F81059D3F8105945F40025C3F8105903
:10E34000D3F810596FF31205C3F81059012A54D0AD
:10E3500000EB4414D4F8003943F00443C4F8003906
:10E360000B79012B72D00B69002BD6D0D0F8343842
:10E37000097801F00F0101228A401343C0F83438B4
:10E38000CBE700EB441303F510631D696FF312052F
:10E390001D611D696FF3DC451D6184B90E698D68CF
:10E3A000AE4200D90D611D6945F400251D611D694E
:10E3B0000E69C6F3120C45EA0C051D61C6E70D692E
:10E3C0008E683544013DB5FBF6F51E691FFA85FCE4
:10E3D000494F07EAC54535431D610D79012DE6D149
:10E3E0001D6925F0C0451D611D694FEA4C7C0CF08C
:10E3F000C04C45EA0C051D61D9E7CB691BB100EBA8
:10E400004412C2F814390B79012B08D000EB4414E4
:10E41000D4F8003943F00443C4F800397DE7D0F85C
:10E42000083813F4807F08D100EB4412D2F8003989
:10E4300043F00053C2F80039E8E700EB4412D2F889
:10E44000003943F08053C2F80039DFE7D0F80838CC
:10E4500013F4807F0CD1D4F8003943F00053C4F892
:10E46000003900920B8A0A78C968FFF70EFF54E75B
:10E47000D4F8003943F08053C4F80039F1E70C694F
:10E4800054B91C698D68C5F312052C431C611C69C5
:10E4900044F400241C6133E78D682C44013CB4FB38
:10E4A000F5F4A4B204FB05F50D621D69124E06EAEF
:10E4B000C4442C431C611C690D6AC5F312052C432E
:10E4C0001C611DE7CA68002A3FF41DAF5A611AE7B4
:10E4D000D0F8083813F4807F06D1DCF8003B43F015
:10E4E0000053CCF8003B12E7DCF8003B43F08053CC
:10E4F000CCF8003B0BE700BF0000F81F10B58446C6
:10E5000008464FEA920E02F00302002305E00CF5E4
:10E510008051096840F8041B01337345F7D37AB181
:10E520000CF5805CDCF800400021CBB2DB0024FA63
:10E5300003F300F8013B0131013A92B2002AF4D111
:10E5400010BD0B784A78012A14D000EB4310D0F8A4
:10E55000002B002A06DB2BB1D0F8003B23F08043D0
:10E56000C0F8003BD0F8003B43F40013C0F8003B78
:10E570000020704700EB4310D0F80029002A06DB8A
:10E580002BB1D0F8003923F08043C0F80039D0F81F
:10E59000003943F40013C0F80039E9E70B784A78F2
:10E5A000012A0ED000EB4310D0F8003B23F40013F7
:10E5B000C0F8003B0B79023BDBB2012B15D90020E0
:10E5C000704700EB4310D0F8003923F40013C0F873
:10E5D00000390B79023BDBB2012BF0D8D0F80039BF
:10E5E00043F08053C0F80039E9E7D0F8003B43F02E
:10E5F0008053C0F8003BE2E7D0F8003823F4FE6314
:10E60000C0F80038D0F80038090101F4FE610B436E
:10E61000C0F8003800207047D0F8003E23F0030314
:10E62000C0F8003ED0F8043823F00203C0F80438E4
:10E6300000207047D0F8003E23F00303C0F8003EEE
:10E64000D0F8043843F00203C0F8043800207047C3
:10E650004269806910407047D0F8183800F50060B2
:10E66000C0691840000C7047D0F8183800F50060F9
:10E67000C069184080B2704700EB4111D1F8082BF7
:10E6800000F50060406910407047D0F81028D0F8BD
:10E69000343801F00F0C23FA0CF3DB01DBB2134327
:10E6A00000EB411000F51060806818407047406929
:10E6B00000F00100704738B50546C36823F0C04339
:10E6C000C360012913D019BBC36843F08043C36002
:10E6D00000240A20F8F7BEFC0A342846FFF7E7FFBB
:10E6E00008B1C72CF5D9C82C14D0002038BDC36898
:10E6F00043F00053C36000240A20F8F7ABFC0A344F
:10E700002846FFF7D4FF0128EDD0C72CF4D9EAE75B
:10E710000120EBE70120E9E7D0F800396FF30A03A5
:10E72000C0F80039D0F8043843F48073C0F80438D6
:10E730000020704710B4046C154B9C4203D9D0F8EC
:10E74000003B002B16DB0024C0F8104BD0F8104B18
:10E7500044F40024C0F8104BD0F8104B44F01804D7
:10E76000C0F8104BD0F8104B44F0C044C0F8104B28
:10E77000012903D000205DF8044B7047C0F8142B2A
:10E78000D0F8003B43F08023C0F8003BF2E700BF25
:10E790000A30544F10B5D0F8D43203F1B00250F81B
:10E7A00022408CB100EB820043687BB194F80002F8
:10E7B000FF280DD09B6894F8012221469847FF233B
:10E7C00084F80032002010BD0320FCE70020FAE7A7
:10E7D0000020F8E70A230380004870471001002456
:10E7E000F8B506460F4F8221384600F01DFC05465D
:10E7F0000121384600F018FC04468121384600F01B
:10E8000013FC0DB11022AA711CB14022227100220A
:10E81000627118B140220271002242714323338099
:10E820000048F8BD94000024F8B506460F4F822139
:10E83000384600F0F9FB05460121384600F0F4FBAC
:10E8400004468121384600F0EFFB0DB11022AA7179
:10E850001CB1402222710022627118B14022027163
:10E8600000224271432333800048F8BD9400002405
:10E87000F8B506460F4F8221384600F0D5FB054615
:10E880000121384600F0D0FB04468121384600F0D3
:10E89000CBFB0DB11022AA711CB100222271022201
:10E8A000627118B100220271022242714323338047
:10E8B0000048F8BD9400002438B5D0F8D432B03305
:10E8C00050F8235095B10446F3F794FCC5F80C02B8
:10E8D000D4F8D432B03304EB83046368DB6805F505
:10E8E0000371D5F804029847002038BD0320FCE7E7
:10E8F00038B5D0F8C852D0F8D432B03350F82340ED
:10E9000084B301F00F0303EB830200EB82029269F0
:10E910004AB103EBC30C05EB8C05ED69B2FBF5FCCA
:10E9200005FB1C2292B10023C4F81432D0F8D43273
:10E93000B03300EB830043681B69ABB10A4604F5B2
:10E940000471D4F808029847002038BD03EB830314
:10E9500000EB830300249C6123462246F3F792FCDC
:10E960002046F2E70320F0E70020EEE7F0B583B0A1
:10E97000D0F8D43203F1B00250F8227000228DF8A2
:10E980000720ADF80420002F78D004460D46097802
:10E9900011F0600634D0202E69D1EA882AB311F034
:10E9A000800F0ED16B7887F80032EA883F2A1AD898
:10E9B000D2B287F801223946204600F015FF002622
:10E9C00059E0B03300EB83035B689B683946687895
:10E9D0009847EA88072A28BF07223946204600F0D0
:10E9E000EEFE002647E04022E3E7B03300EB83036E
:10E9F0005B689B68002229466878984700263AE0C1
:10EA00006F780B2F2ED8DFE807F006362D2D2D2D31
:10EA10002D2D2D2D152490F89C32032B04D0294642
:10EA200000F03FFB032626E0022201A900F0C7FE0A
:10EA30003E4620E090F89C32032B04D0294600F09B
:10EA400030FB032617E001220DF1070100F0B7FEAD
:10EA500011E090F89C32032B0DD0294600F021FBE9
:10EA6000032608E0294600F01CFB032603E02946A4
:10EA700000F017FB0326304603B0F0BD0326FAE78B
:10EA800038B504468121F3F7DDFB002525870121F8
:10EA90002046F3F7D7FBA4F8785182212046F3F7FC
:10EAA000D1FBA4F84C50A4F84E50D4F8D43203F162
:10EAB000B00254F822209AB1B03304EB83035B68B0
:10EAC0005B689847D4F8D432B03354F82300F3F796
:10EAD0009BFBD4F8D432B03344F82350C4F8BC5272
:10EAE000002038BD70B504464FF40770F3F788FB7B
:10EAF000002849D005464FF40772002103F098F82A
:10EB0000D4F8D432B03344F82350C4F8BC52237C38
:10EB1000002B41D14FF40073022281212046F3F7EC
:10EB200086FB012626874FF40073022231462046D9
:10EB3000F3F77DFBA4F878611023A4F84E30082386
:10EB4000032282212046F3F772FB0123A4F84C3004
:10EB50000026C5F80462D4F8D432B03304EB830342
:10EB60005B681B689847C5F81462C5F81862D5F849
:10EB7000042262B3257C1DBB4FF4007301212046A3
:10EB8000F3F788FB284670BDD4F8D432B0330022A6
:10EB900044F823200225F5E7402302228121204664
:10EBA000F3F745FB01262687402302223146204603
:10EBB000F3F73DFBA4F878611023A4F84E30BEE7CC
:10EBC000402301212046F3F765FB0025DAE7022503
:10EBD000D8E739B1D0F8D432B03300EB83004160CC
:10EBE0000020704703207047D0F8D432B03350F87B
:10EBF00023302BB1C3F80812C3F81022002070474D
:10EC000003207047D0F8D432B03350F823301BB112
:10EC1000C3F80412002070470320704710B5D0F8E5
:10EC2000D432B03350F8232092B1047C44B94FF46D
:10EC30000073D2F804220121F3F72CFB204610BD0B
:10EC40004023D2F804220121F3F724FB0024F5E746
:10EC50000324F3E798B108B503460020C3F8B802CF
:10EC6000C3F8C402C3F8D00209B1C3F8B412012139
:10EC700083F89C121A701846F3F76EFA08BD032049
:10EC8000704710B582B00023ADF80630B9B1044624
:10EC9000C0F8B812D0F8D422CB6A43B1AE3250F8E3
:10ECA0002230DB6A0DF106009847C4F8D002D4F890
:10ECB000D8320133C4F8D832002002B010BD03208E
:10ECC000FBE708B5F3F7ABFA08BD08B5D0F8B832E2
:10ECD00013B11B68984708BD0020FCE708B5D0F8C1
:10ECE000B8325B68984700B908BD0320FCE738B527
:10ECF000044600F2AA25284600F0BFF90123C4F813
:10ED00009432B4F8B032C4F8983294F8AA1201F0F0
:10ED10001F03012B07D0022B0AD073B929462046C6
:10ED200000F090FB38BD2946204600F0C6FBF9E70D
:10ED30002946204600F003FCF4E701F0800120465C
:10ED4000F3F788FAEEE7F8B50446012380F89C3221
:10ED50000023C0F894324360C0F8A43280F8A03297
:10ED6000D0F8B832DBB15B68DBB1002198470746C9
:10ED7000C8B94023002211462046F3F758FA01266D
:10ED8000A4F864614025C4F860512B46002280211C
:10ED90002046F3F74CFAA68425623846F8BD0027D2
:10EDA000E7E70027E5E70327E3E701740020704762
:10EDB00090F89C32042B04D090F89C32DBB280F89F
:10EDC0009D32042380F89C320020704790F89C32DA
:10EDD000042B01D00020704790F89D32DBB280F800
:10EDE0009C32F7E708B590F89C32032B01D0002045
:10EDF00008BDD0F8B832002BF9D0DB69002BF6D073
:10EE00009847F4E708B5D0F8D432AE3350F8233041
:10EE100053B190F89C22032A01D0002008BD1B6A40
:10EE200023B198470020F9E70320F7E70020F5E732
:10EE300008B5D0F8D432AE3350F8233053B190F83F
:10EE40009C22032A01D0002008BD5B6A23B19847A9
:10EE50000020F9E70320F7E70020F5E700207047DE
:10EE600008B5012380F89C32D0F8B83223B15B6832
:10EE70000179984710B908BD0020FCE70320FAE7A4
:10EE8000002070470020704738B504460D46002921
:10EE900041D11346D0F89422032A01D0084638BD48
:10EEA000D0F85C11D0F86021914209D890F8AA32CC
:10EEB00003F01F03012B0ED0022B1AD028460FE0BF
:10EEC000891AC0F85C118A4228BF0A46194600F028
:10EED0009AFC2846E3E790F8AE12FFF7D1FF18B985
:10EEE00094F89C32032B09D0204600F094FC28466D
:10EEF000D5E790F8AE12FFF7C5FFF0E700F1AE03DB
:10EF000054F823301A69002AEED0C4F8D4021B69E1
:10EF100020469847E8E701F07F01FFF7B3FF88B983
:10EF200094F89C32032BBAD100F1AE0354F823308D
:10EF30009A69002AB3D0C4F8D4029B6929462046B6
:10EF40009847ACE70020AAE738B504460D460029EB
:10EF50004AD11346D0F89422022A07D094F8A0028E
:10EF600018B1002384F8A032284638BDC269016A6E
:10EF70008A420DD88A4217D094F89C32032B27D0AE
:10EF800080212046F3F766F9204600F04FFCE5E7C4
:10EF9000521AC261194600F01FFC00231A46194696
:10EFA0002046F3F777F9D9E783699942E4D8D0F896
:10EFB00098229342E0D20022114600F00DFC00217D
:10EFC000C4F898120B460A462046F3F763F9C5E7E2
:10EFD000D4F8B832DA68002AD2D00022C4F8D42299
:10EFE000DB6820469847CBE741F08001FFF74AFFF6
:10EFF00088B994F89C32032BB7D100F1AE0354F8D2
:10F0000023305A69002AB0D0C4F8D4025B6929467B
:10F0100020469847A9E70020A7E70B880278134409
:10F020000B80037818447047428803789A4218D9B5
:10F0300030B583B004460D46ADF806306388BDF8A0
:10F0400006209A420AD20DF10601FFF7E6FF437847
:10F05000052BF3D18378AB42F0D100E0002003B060
:10F0600030BD002070470346002002E00130C0B2EE
:10F0700001331A78002AF9D170470B7803704B7866
:10F0800043708B78CA7843EA022343800B794A792C
:10F0900043EA022383808B79CA7943EA0223C3803F
:10F0A000704710B504468021F3F7D4F800212046BC
:10F0B000F3F7D0F810BD30B583B005460C460023F9
:10F0C000ADF806304A88130A013B0E2B00F2BB80D4
:10F0D000DFE803F0152F43B9B99DAAB9B9B9B9B999
:10F0E000B9B90800D0F8B432DB6923B10DF10601DB
:10F0F000007C98470AE02146FFF7D3FFA6E0D0F84E
:10F10000B4321B680DF10601007C9847E288002AA2
:10F1100000F0A380BDF80630002B00F099809A42E1
:10F1200028BF1A46ADF806200146284600F047FBE6
:10F130008CE0037C43B9D0F8B8329B6A0DF106002D
:10F14000984702234370E1E7D0F8B832DB6A0DF14B
:10F150000600984702234370D8E7D2B2052A52D856
:10F16000DFE802F003101D2A3744D0F8B4325B68A0
:10F1700023B10DF10601007C9847C7E72146FFF750
:10F1800090FF63E0D0F8B4329B6823B10DF1060123
:10F19000007C9847BAE72146FFF783FF56E0D0F896
:10F1A000B432DB6823B10DF10601007C9847ADE76E
:10F1B0002146FFF776FF49E0D0F8B4321B6923B14E
:10F1C0000DF10601007C9847A0E72146FFF769FF93
:10F1D0003CE0D0F8B4325B6923B10DF10601007C4C
:10F1E000984793E72146FFF75CFF2FE0D0F8B43251
:10F1F0009B6923B10DF10601007C984786E7214603
:10F20000FFF74FFF22E02146FFF74BFF1EE0037C94
:10F2100033B9D0F8B8325B6B0DF10600984775E74B
:10F220002146FFF73EFF11E0037C43B9D0F8B83226
:10F230001B6B0DF1060098470723437066E72146D4
:10F24000FFF72FFF02E02146FFF72BFF03B030BD91
:10F2500021462846FFF725FFF8E7284600F0DBFAAD
:10F26000F4E738B504468B88F3B9CB88E3B94B880B
:10F270007F2B19D803F07F0590F89C32032B0CD01C
:10F2800080F89E522946F2F7F5FF204600F0C3FAB7
:10F2900035B1022384F89C3209E0FFF702FF06E053
:10F2A000012384F89C3202E02046FFF7FAFE38BDC5
:10F2B00070B504460E468D782F4B1D70012D10D869
:10F2C00090F89C32DAB2022B0FD0032A26D0FFF737
:10F2D000E8FE294B19782046FFF700FD0325284654
:10F2E00070BDFFF7DEFE0325F9E7A5B145602946AD
:10F2F000FFF7EBFC054638B131462046FFF7D1FE5B
:10F30000022384F89C32EAE7204600F084FA0323C3
:10F3100084F89C32E3E700F07EFAE0E7CDB1416883
:10F320008D4225D0C9B2FFF7D9FC134B1978616023
:10F330002046FFF7CAFC0546B0B131462046FFF72C
:10F34000B0FE21792046FFF7C9FC022384F89C32E5
:10F35000C5E7022380F89C3245602946FFF7BEFCD2
:10F36000204600F058FABAE7204600F054FAB6E713
:10F3700000F051FA0025B2E72C9E002408B5CB8896
:10F38000012B0BD190F89C32DAB2022B09D9032A57
:10F3900011D10122011D00F012FA01E0FFF781FEF8
:10F3A00008BD52B23AB10146002341F8083F01229C
:10F3B00000F005FAF4E7FFF774FEF1E708B590F8FE
:10F3C0009C32013B022B12D8CB88022B0CD101239B
:10F3D000C360D0F8A4320BB10323C360022200F152
:10F3E0000C0100F0ECF908BDFFF75BFEFBE7FFF74F
:10F3F00058FEF8E708B54B88012B04D0022B07D044
:10F40000FFF74FFE08BDC0F8A43200F004FAF9E798
:10F410008B881B0A80F8A03200F0FDF9F2E708B5EE
:10F4200090F89C32013B022B09D84B88012B00D06D
:10F4300008BD0023C0F8A43200F0EDF9F8E7FFF7AB
:10F4400030FEF5E738B50C7804F06004202C06D0C7
:10F45000402C04D06CB1FFF724FE002407E0D0F864
:10F46000D432AE3350F823309B6898470446204688
:10F4700038BD4D78092D1DD8DFE805F012191C168E
:10F480001C08051C0F0BFFF716FEF0E7FFF7E9FE5F
:10F49000EDE7FFF70DFF0446E9E7FFF76FFFE6E74B
:10F4A000FFF78CFF2C46E2E7FFF7A4FFDFE7FFF74B
:10F4B000B6FFDCE7FFF7F5FDD9E770B505460C466A
:10F4C0000B7803F06003202B07D0402B05D023B12D
:10F4D000FFF7E7FD0026304670BD95F89C32013BF2
:10F4E000022B26D82179012905D921462846FFF784
:10F4F000D8FD0026EFE72846FFF7C2FC68B900F107
:10F50000AE0255F82220916889B1C5F8D4029368FB
:10F51000214628469847064600E00326E388002B4C
:10F52000D9D1002ED7D1284600F075F9D3E70326AC
:10F53000F4E721462846FFF7B4FD0026CBE72DE986
:10F54000F04106460D468B88DFB20C7804F060046B
:10F55000202C08D0402C06D0DCB1FFF7A2FD0024FF
:10F560002046BDE8F08139463046FFF78BFC044663
:10F57000002840F0FD80C6F8D40200F1AE0356F832
:10F5800023309B68002BEBD0294630469847044631
:10F59000E6E791F80180B8F1010F31D0B8F1030F1F
:10F5A00005D0B8F1000F66D0FFF77BFDD8E790F8E3
:10F5B0009C32DAB2022B04D0032A11D0FFF771FD7E
:10F5C000CEE7002F18BF802F07D03946F2F742FE52
:10F5D00080213046F2F73EFEC2E7FFF762FDBFE74B
:10F5E0004B882BB9002F18BF802F01D0CB881BB1BF
:10F5F000304600F010F9B3E73946F2F72BFEF7E793
:10F6000090F89C32DAB2022B04D0032A11D0FFF713
:10F6100048FDA5E7002F18BF802F07D03946F2F725
:10F6200019FE80213046F2F715FE99E7FFF739FD04
:10F6300096E74B88002B93D117F07F0F17D13046F8
:10F6400000F0E9F839463046FFF71CFC002887D166
:10F65000C6F8D40200F1AE0256F822209268002AC1
:10F6600000F08880294630469047044678E73946BE
:10F67000F2F7F8FDE3E790F89C22D1B2022A06D017
:10F6800003292AD02946FFF70CFD444668E7002FDE
:10F6900018BF802F13D113F0800F15D107F07F070B
:10F6A00007EB8707B90001F5A87101440431002375
:10F6B0000B600222304600F082F8444650E72946AB
:10F6C000FFF7EFFC44464BE707F07F0707EB8707A0
:10F6D000B900103101440431E9E75BB2002B20DBB3
:10F6E00007F00F0202EB820200EB8202B2F8642103
:10F6F0002AB3002B28DB07F07F0303EB83039C0076
:10F7000004F5A87434440434802F18BF002F24D18A
:10F710000023236002222146304600F050F8444680
:10F720001EE707F00F0202EB820200EB8202928CCE
:10F73000002ADED12946FFF7B4FC444610E72946EB
:10F74000FFF7AFFC44460BE707F07F0303EB8303AF
:10F750009C00103434440434D6E739463046F2F77E
:10F7600033FD10B101232360D4E700232360D1E7E8
:10F770000024F5E60446F3E600B370B50D461646E0
:10F780000446FFF770FC01304300B3F5007F06D854
:10F790009BB233802B7003236B7002230AE04FF47B
:10F7A0000073F6E7EA5401345A1CD2B20021A9547E
:10F7B0000233DBB22278002AF4D170BD704708B55D
:10F7C00013460222C0F894228361C3610A460021D5
:10F7D000F2F758FD002008BD08B513460A4600217F
:10F7E000F2F750FD002008BD08B513460322C0F80B
:10F7F0009422C0F85831C0F85C310A460021F2F773
:10F8000049FD002008BD08B513460A460021F2F75D
:10F8100041FD002008BD08B50422C0F89422002351
:10F820001A461946F2F72EFD002008BD08B505223C
:10F83000C0F8942200231A461946F2F72BFD002047
:10F8400008BD0000F8B52DED028B57EC106B55ECA0
:10F85000114B00F0CBF83046394622462B46B0EE2D
:10F86000408AF0EE608AF1F7D3F930B90022002324
:10F8700020462946F1F79AF930B9B0EE480AF0EE81
:10F88000680ABDEC028BF8BD02F064FA0022002386
:10F890002121016010461946F1F74AF841EC180B96
:10F8A000B0EE480AF0EE680ABDEC028BF8BD00BF6E
:10F8B00008B52DED028BF0EE408AB0EE608A00F0C4
:10F8C00035FBF4EE488AF1EE10FA06D6DFED098A30
:10F8D000B4EE688AF1EE10FA02D0BDEC028B08BDDE
:10F8E00002F038FA88EEA80ABDEC028B21230360EF
:10F8F00008BD00BF0000000010EE103A184923F0C8
:10F9000000428A421AD9B2F1FF4F02D330EE400AC8
:10F91000704700B583B0684600F0CAFB00F00300F2
:10F9200001289DED000ADDED010A10D0022809D062
:10F9300090B900F031FA03B05DF804FBDFED090A7D
:10F9400000F02ABA00F028FAB1EE400AF3E700F01E
:10F95000A5FAB1EE400AEEE7012000F09FFAEAE7CF
:10F96000D80F493F0000000010EE103A23F000438A
:10F9700000EE103A704700BF10EE103A194923F01C
:10F9800000428A421BD9B2F1FF4F02D330EE400A47
:10F99000704700B583B0684600F08AFB00F00300B2
:10F9A00001289DED000ADDED010A13D002280BD0DD
:10F9B00098B9012000F072FA03B05DF804FBDFEDA6
:10F9C0000A0A002000F06ABA012000F067FAB1EEDE
:10F9D000400AF1E700F0E0F9EEE700F0DDF9B1EE02
:10F9E000400AE9E7D80F493F0000000053EC112B13
:10F9F0002DE9F04123F0004752EA070451EC100BC7
:10FA000053D0C14C21F00048A0458C464DD85442FB
:10FA1000BE4E144347EAD474B442154645D8B8459F
:10FA20009E46024601F0004449DCC0F2BC8085429B
:10FA300000F2B98000F00581314250D1B8F1000FD9
:10FA40003FD10028034640F35481B1495B00002BAD
:10FA500001F1FF31FADCAD4B0EEA0303002B40F05D
:10FA6000C680002F40F0F480002D2B4600F3A480C8
:10FA7000A848401A1F2800F3758101F21E4322FA9C
:10FA800003F308FA00F8A24E43EA080382404FF05D
:10FA9000150E06F21E4007FA0EFC25FA00F005FAD4
:10FAA0000EF5571B40EA0C0E2EE0F0F717FE02464B
:10FAB0000B46F0F73DFF41EC100BBDE8F081314201
:10FAC0000DD194494FEAC8235B00002B01F1FF31AF
:10FAD000C1DD5B00002B01F1FF31F5DCBBE78B4B97
:10FAE0004FEA28500EEA0303A0F2FF31002B5DD04D
:10FAF0003F15CCF31303CEF3130EA7F2FF3643F4F6
:10FB000080134EF4801E571B881B411E60B926E0EF
:10FB100001381CD4A2EB050C4FEADC73013903EB6E
:10FB200040034FEA4C0219D3AA42A3EB0E00EFD3D5
:10FB30000028A2EB050C0ADB50EA0C03ECD1764B53
:10FB4000E40F03EBC40393ED000BBDE8F081D00F8D
:10FB5000013900EB43034FEA4202E5D2571BA3EB06
:10FB60000E00AA4238BF00F1FF300028BCBF174684
:10FB7000184650EA070305D1E1E7FB0F03EB40000D
:10FB80007F00013EB0F5801FF7DB624B9E4242DBF7
:10FB9000A0F5801006F2FF36204340EA06533A46AD
:10FBA00043EC102B89E741EC100B86E7002F4FD177
:10FBB000002D2B4640F3B480554E5B00002B06F120
:10FBC000FF36FADC534881424ADBA0EB060ECCF349
:10FBD0001303BEF11F0F43F480137FF75AAF4F4852
:10FBE000801B891B05FA00FE013900259CE7494866
:10FBF000401A4FEA275C1F28ACF2FF3652DD474B14
:10FC0000CEF3130E5B1A891B02FA03F34EF4801E27
:10FC10000139002288E7A3EB060CBCF1140F51DC7C
:10FC200006F21E4327FA0CF700FA03F340FA0CFC25
:10FC30004CEA040443EA07002346024643EC102B37
:10FC40003BE7354B03EB147393ED000B35E730497D
:10FC5000304EFB025B00002B06F1FF36FADCB1E709
:10FC6000A0EB010CBCF11F0F0FDCA0EB060E01F2A4
:10FC70001E4322FA03F308FA0CF8BEF11F0F43EA01
:10FC8000080302FA0CF2AADC03E7A0EB060C2348F7
:10FC9000BCF11F0FA0EB0103E64602FA03F31DDCE3
:10FCA0000022F6E601F21E4322FA03F308FA00F8F6
:10FCB00043EA08038240CEF3130E891B4EF4801EE4
:10FCC000013931E7BCF11F0F0FDC06F21E4327FAA2
:10FCD0000CF700FA03F343EA0700ADE7801B891B2A
:10FCE00005FA00FE27D000227EE70C4B9B1B184133
:10FCF000A2E7064B0EEA03034BB33F150449A7F2F4
:10FD0000FF36C30A4205D6E7FFFFEF7F0000F07F12
:10FD1000EDFBFFFF02FCFFFF08210108E2FBFFFFF4
:10FD2000CCF313034FEAD52E194E43F4801300F1A0
:10FD300013016D05F8E6A3EB0E0000281EDB3FF46F
:10FD4000FEAEB0F5801F0F46FFF617AF65E7002F38
:10FD50007FF47DAF002D0E492B46D8BF15203FF70D
:10FD60002BAF8AE60B4B0A4E5B1A02FA03F34FEAFB
:10FD7000D52E01F212413A466D05D5E6002B3FF42F
:10FD8000DEAEB3F5801F18460F46FFF6F6AE44E729
:10FD9000EDFBFFFFE2FBFFFF10EE103A23F0004304
:10FDA000B3F1485F2CD2FDEEC07A17EE903A002BEB
:10FDB00060D060EE007A9FED317A9FED315ADFED31
:10FDC000315A9FED316ADFED316AA7EE875A9FED18
:10FDD000307AE7EE855AA7EEA56AA7EE867AE7EEB7
:10FDE000876A67EEA66A60EEC00AB6EE007AE7EEB2
:10FDF000A60AB7EE000AD7EE870A30EE600A70470F
:10FE000060EE007A9FED1D7A9FED1D5ADFED1D5AC1
:10FE10009FED1D6ADFED1D6A1E4AA7EE875A9342C9
:10FE20009FED1B7AE5EE275AA5EEA76AA6EE277A84
:10FE3000E7EE276A66EEA76AD5D9174A934214D827
:10FE400003F17F4307EE103AB7EE006A36EE476AD9
:10FE500060EEC00AF6EE005A97EEA57AE7EEA60A23
:10FE600037EE607A36EE470A7047B6EE076AB5EEAF
:10FE7000027AEDE7B7EE000A704700BF4ED747ADF4
:10FE8000F6740F317CF293B4010DD037ABAA2A3D42
:10FE9000610BB6BA9999993E0000483F10EE103AAE
:10FEA00023F00043B3F1485F04D2FDEEC07A17EEB1
:10FEB000903A5BB360EE007A9FED157ADFED155A4C
:10FEC0009FED156ADFED156AE7EE875A9FED147A0C
:10FED000A5EEA76A20EE275AE6EE276AA6EEA77AD5
:10FEE00030B9DFED106AE7EE876AA6EE850A704743
:10FEF00027EE457AF6EE006AA0EEA67ADFED0A6AF2
:10FF0000D7EE270AE5EE260A30EE600A704700BFFA
:10FF1000D3C92E2F342FD7B21BEF3836010D50B96D
:10FF20008988083CABAA2ABEABAA2A3E70B582B02B
:10FF3000CDED010A019820F000435A1EB2F1FF4FA7
:10FF40003BD210EE101A21F00044B4F1FF4F34D22E
:10FF50009C4238DB01F0004258D011F0FF4F00F016
:10FF6000FF463ED14FEA042C6FF07D054FEA4C0C62
:10FF7000BCF1000F05F1FF35F8DC002E66D1180248
:10FF80006FF07D0E40000EF1FF3EFBD515F17E0FA8
:10FF900077DA6FF07D00411B04FA01F1A5EB0E0545
:10FFA000A0EB0E04A340681EA5B9CB1A002B75DB8D
:10FFB0002CD0B3F5000F35DB41E0DDED017A60EECA
:10FFC000277A87EEA70A02B070BD1FD04FEA4C0116
:10FFD000013822D3A1EB030CBCF1000FF5DA490084
:10FFE000F6E7E51586B3DB15C0F31600ED1AC1F38D
:10FFF0001601A3F17F0E41F4000140F40003681ED6
:020000040801F1
:10000000002DE7D1CB1A002B30DB0BD1274B03EBB4
:10001000527393ED000A02B070BDCB1A48BF0B4675
:100020001BB9F3E75B000EF1FF3EB3F5000FF9DB00
:100030001EF17E0F1BDA6FF07D04A4EB0E0423414A
:10004000134300EE103ABEE77F3D98E7DB15A3F1BE
:100050007F0EC0F316006FF07D0140F40003491BD2
:10006000A5EB0E0004FA01F10138B3E70B46A3F546
:1000700000030EF17F0E134343EACE5300EE103A15
:10008000A1E76FF07D04C1F31601A5EB0E00A4EB10
:100090000E0441F400010138A3409BE70029B5D0CC
:1000A000B1F5000F0B46BDDBC9E700BF1821010801
:1000B00070B510EE103A8B4A23F00044944286B09B
:1000C000054671D9884A94421E4624D823F000423E
:1000D000002BDFED867A864922F00F02B0EE407ADF
:1000E00040F3E6808A4270EE677A09BF9FED817A1D
:1000F000DFED816ADFED816A77EEC77A37EEE67A67
:1001000077EEC77A80ED007A77EEE67AC0ED017A75
:10011000012006B070BD7A4A944253D9B4F1FF4F22
:1001200049D2E215863AA4EBC25307EE903ABDEEEF
:10013000E77ADFED746AB8EEC77A77EEC77A8DEDAD
:10014000037A67EEA67ABDEEE77AB8EEC77A77EE65
:10015000C77A8DED047A67EEA67AF5EE407AF1EE75
:1001600010FACDED057A40F08E80B5EE407AF1EED2
:1001700010FA40F08A800123634901910221009125
:1001800003A8294600F0CAF8002EC2DA95ED007ADD
:10019000D5ED017AB1EE477AF1EE677A85ED007A16
:1001A000C5ED017A4042B4E7002285ED000A4260C5
:1001B000002006B070BD70EE407AC0ED017AC0ED4F
:1001C000007AF5E7FFF7D0FB9FED507A9FED476A85
:1001D000F6EE007AE0EE077A9FED477AFDEEE77AD9
:1001E000F8EEE76A17EE900AA6EEC60A1F2866EE3A
:1001F000877AB1EE666A30EE677A1EDC444A411EA9
:1002000026F0004352F8212023F0FF03934214D03C
:1002100085ED007A30EE470A002E30EE670A85ED54
:10022000010ABFF676AFB1EE477AB1EE400A85ED2E
:10023000007A85ED010A40426BE717EE103AC3F3EE
:10024000C753C3EBD453082B4FEAE452E0DD9FEDD4
:10025000297A9FED2A5AF0EE405AE6EE075A70EEE0
:10026000657AE6EE077AD6EE857A35EEE77A17EE0E
:10027000103AC3F3C753D21A192A08DCB0EE650A44
:1002800085ED007AC6E7032376E7022374E79FED46
:10029000217A9FED215AB0EE650AA6EE070A75EEA7
:1002A000C07AE6EE077AD6EE857A30EE677AAFE767
:1002B0008A4270EE277A09BF9FED0E7ADFED0E6A53
:1002C000DFED0E6A77EE877A37EEA67A77EEC77A99
:1002D00080ED007A77EEA67AC0ED017A4FF0FF301C
:1002E00017E700BFD80F493FE3CB1640800FC93F47
:1002F000D00FC93F004435374344353708A3852E16
:10030000800F494300008043A021010884F9223F67
:100310002021010800A3852E32318D242DE9F04FD4
:100320002DED048BDBB01C46944603930A46BA4B72
:1003300068991CF1040F53F82170824604F1FF39CB
:10034000C0F25682BCF1030348BF0CF10403DB107A
:10035000029301334FEAC30EACEB0E030593029BED
:1003600017EB0900A3EB090316D401309FEDAB7A1C
:10037000699C18441EA9002BA4BF54F8235007EE13
:10038000905A03F10103ACBFF8EEE77AF0EE477A3A
:100390008342E1EC017AEED1002FC0F2E2820399B0
:1003A0001EA800EB81004FEA81087E18002346ADAD
:1003B0004C460AEB8101B9F1000F80F2C88001348C
:1003C000B44245F8043B00F10400F4D10DF1280BD0
:1003D0000BEB8703CDE9062E043B9FED929ADFEDF0
:1003E000908A059804930AEB080446AE0BEB870845
:1003F0000097CDF820C00DEB8703002F93ED460A40
:100400004FEA870515DD73195A4660EE097AB0EE9A
:10041000407AFDEEE77A73ED016AF8EEE77AB342CF
:10042000A7EEE87A37EEA60ABDEEC77AA2EC017A0B
:10043000EBD1019000F0B8FAF4EE007AB0EE408A09
:1004400020EE270A00F01EFBF2EE007AA0EE678A8B
:1004500001980028FDEEC89AF8EEE97A38EE678A2E
:1004600040F38280791EC0F108035BF821E04EFA68
:1004700003FC0CFA03F3AEEB030EC0F1070219EE16
:10048000903A4EFA02F26344002A09EE903A4BF891
:1004900021E000F3AF80B5EE408AF1EE10FA74D19E
:1004A000009B9F420ADD5D44002355F8041D45452D
:1004B00043EA0103F9D1002B40F00281009B013B8C
:1004C0005BF823207B1C9C46002A40F0F780049AAE
:1004D000012152F8045D0131002DFAD03944029D0A
:1004E000039A05EB030E0EF1804E699D0EF1FF3E5F
:1004F0003A4405EB8E0E1EAD06EB830705EB820535
:10050000DEED017AF8EEE77AB9F1000F0EF1040E94
:10051000E5EC017ADFED417A09DB2A465346F3EC3C
:10052000016A32ED017AA342E6EE877AF7D10CF147
:10053000010C8C45E7EC017AE2DD0F465BE7013404
:10054000B442E5EC017A00F104003FF43FAFDFED87
:10055000337A83465346F3EC016A3BED017A8B42D2
:10056000E6EE877AF7D1EAE700F09180F6EE007ABE
:10057000B4EEE78AF1EE10FA80F22981B5EE408AF6
:10058000F1EE10FA4FF000028AD09246DDE9062E15
:10059000DDF820C00197AEEB0C00B0EE480A009FDA
:1005A000009200F001FADFED1E6AB4EEE60AF1EE09
:1005B00010FADDE90023F0EE407AC0F29C819FED55
:1005C000197A059920EE077A0831BDEEC77A0591B0
:1005D000B8EEC77A5C1CE7EE667ABDEEC77AFDEE30
:1005E000E77A17EE901A4BF8231017EE103A4BF8F3
:1005F00024307EE00133002F09EE903A40F39D81D4
:1006000059464FF0000E51F8043B002B39D0C3F58A
:10061000807341F8043C0CE0E42401080000000071
:10062000000080430000803B0B68C3F1FF0341F8EA
:10063000043B0EF1010E7745F6DC01239E460028AF
:100640000BDD012800F0BB80022806D1791E5BF883
:10065000213003F03F0C4BF821C0022A7FF41BAF7E
:10066000B7EE000A734630EE488A002B3FF413AF12
:100670000992019000F098F90198099A38EE408AA1
:1006800009E70EF1010E7745BDDC9E46D7E77B1EDC
:100690005BF82320D211002A7FF7FDAE19EE903AC5
:1006A000002F03F1010309EE903AA9DC022A7FF43E
:1006B000F2AEF7EE007A37EEC88AECE619460EE79E
:1006C0003B469246DDE905125C1EA1F108005BF88D
:1006D0002410009F059061B903F18043013B0BEBAF
:1006E0008303014653F8040D013C08390028F9D072
:1006F000059105980092B7EE000A00F055F9002C1C
:10070000009AB0EE407AC0F22281601C46AD5FEDE7
:100710003B6A81000BEB800305EB800073ED017AEF
:10072000F8EEE77A5B4567EE877A27EE267A60ED8A
:10073000017AF3D10DF1C8080E1F2E44C646A44617
:100740000025002F7DDBDFF85C92DFED957A3046E7
:10075000002307E0F9EC016AB0EC017A9F42E6EE73
:10076000877A03DBAB4203F10103F3DD0CF1FF3CBD
:10077000BCF1FF3FEEEC017A05F10105A6F104069C
:10078000E1D1689B022B6ADC002B36DC0ED1DFED59
:10079000847A414431ED017A414577EE877AF9D187
:1007A0005346002B40F0C680C2ED007A19EE903A15
:1007B00003F007005BB0BDEC048BBDE8F08F791E41
:1007C0005BF8213003F07F0C4BF821C045E719EEB0
:1007D000903A002F03F1010309EE903AC8BF0222BC
:1007E0003FF70EAFF7EE007A37EEC88A022252E6E4
:1007F00000234FF0080E0293AEE5DDED327A9FED57
:10080000687A414471ED016A414537EE267AF9D1A3
:100810005346002B40F0848077EEC77A82ED007A51
:1008200064B133A90123B1EC017A01339C4277EE24
:10083000877AF8DA53460BB1F1EE677AC2ED017AA6
:10084000B4E70CF1FF3C0023BCF1FF3F4EF8043B42
:1008500005F10105A6F104067FF473AF91E7689BEB
:10086000032BA3D1002C00F08C8008EB840595EDC0
:10087000007AA0002B46294671ED017AF0EE476A16
:1008800037EE277A414577EEC77A81ED007A77EE29
:10089000A67AC1ED017AEFD1012C72D095ED007AE4
:1008A00008F1040173ED017AF0EE476A37EE277A1A
:1008B000994277EEC77A83ED007A77EEA67AC3ED98
:1008C000017AEFD1031DDFED367A434408F10808C1
:1008D00033ED017A984577EE877AF9D15346DDED0D
:1008E000326A9DED337A73B9C2ED006A82ED017A06
:1008F000C2ED027A5AE7FDEEC07A1C4617EE901A56
:100900004BF82310F5E6F1EE666AB1EE477AF1EEA8
:10091000677AC2ED006A82ED017AC2ED027A45E79C
:10092000F1EE476A77EEC77AC2ED006A002C7FF4D9
:1009300078AF81E7F1EE677A36E7012815D0022813
:100940007FF4B4AE0EF03F034BF82130AEE6689B67
:10095000022B12DC002B17DC7FF428AFDFED107ABE
:100960001EE7039B4FEA830830E50EF07F03022A5F
:100970004BF821307FF48FAD9BE6689B032B7FF40F
:1009800015AFDFED077AA9E75346DDED327A1BB1EB
:100990004FF0004313604FE7002313604EE700BFA2
:1009A00000000000B824010810EE103A33F00041B6
:1009B0001A4625D0B1F1FF4F1FD213F0FF4F20D1BF
:1009C000DFED297A294A60EE277A904217EE903AB5
:1009D00031DB4CF2503CC3F3C75160451A46A1F1DC
:1009E000190114DD002BDFED227A9FED210AB8BF3B
:1009F000DFED207A27EE800A704730EE000A70475C
:100A000070474CF2503C60454FEAD151EADC01445A
:100A1000FE29E7DC002915DC11F1160F19DB19316D
:100A200022F0FF4242EAC15207EE902A9FED120ADD
:100A300027EE800A7047DFED117A07EE103A27EEB5
:100A4000270A704722F0FF4242EAC15300EE103AF3
:100A50007047002BDFED097A9FED080AB8BFDFED84
:100A6000087A27EE800A70470000004CB03CFFFF78
:100A7000CAF24971CAF249F1000000336042A20D86
:100A80006042A28D10EE102AC2F3C7537F3B162B93
:100A900022F000411BDC002B10461EDB1A491941D5
:100AA0000A4223D0DFED197A70EE277AF5EEC07A8C
:100AB000F1EE10FA1ADD002A04DA4FF4000242FACD
:100AC00003F3184420EA010300EE103A7047B1F135
:100AD000FF4F0BD330EE000A7047DFED0C7A70EE5B
:100AE000277AF5EEC07AF1EE10FA00DC7047002AA2
:100AF00002DB9FED070A704711B99FED060A7047A8
:100B0000BFEE000AF2E700BFFFFF7F00CAF24971A3
:100B100000000000000000802DE9F047089D0F460E
:100B200004468C46002B48D18A42164661D9B2FA57
:100B300082F34BB1C3F1200201FA03FC20FA02F266
:100B40009E4042EA0C0C9C404FEA164EB7B2BCFBEA
:100B5000FEF1220C0EFB11CC42EA0C4201FB07F025
:100B6000904209D9B21801F1FF3C80F0EE8090422A
:100B700040F2EB8002393244121AA4B2B2FBFEF00A
:100B80000EFB102244EA024400FB07F7A74209D9F2
:100B9000341900F1FF3280F0DA80A74240F2D780AA
:100BA0003444023840EA0140E41B00211DB1DC401E
:100BB0000023C5E90043BDE8F0878B4206D90DB19B
:100BC000C5E9000100210846BDE8F087B3FA83F1CA
:100BD000002948D1BB4202D3824200F20781841A25
:100BE00067EB030201209446002DE4D0C5E9004CD8
:100BF000E1E7002A00F09280B2FA82F3002B40F085
:100C0000A8808A1A4FEA164E1FFA86FC0121200C92
:100C1000B2FBFEF70EFB172240EA02420CFB07F084
:100C2000904207D9B21807F1FF3802D2904200F281
:100C3000E2804746121AA4B2B2FBFEF00EFB10226D
:100C400044EA02440CFB00FCA44507D9341900F126
:100C5000FF3202D2A44500F2CB801046A4EB0C0474
:100C600040EA0740A2E7C1F120068B4022FA06FCC9
:100C70004CEA030C07FA01F420FA06F3F7404FEAB6
:100C80001C49234300FA01F81FFA8CFEB7FBF9F068
:100C90001C0C09FB107744EA074400FB0EF7A7423F
:100CA00002FA01F20AD91CEB040400F1FF3A80F0C9
:100CB0009B80A74240F2988002386444E41B9FB2B4
:100CC000B4FBF9F309FB134447EA044403FB0EFEAB
:100CD000A64509D91CEB040403F1FF3780F082809C
:100CE000A6457FD9023B644443EA0040A4EB0E04CE
:100CF000A0FB02E7BC427346B94663D360D05DB146
:100D0000B8EB030264EB090404FA06F622FA01F3D5
:100D10001E43CC40C5E9006400214CE76208480846
:100D200042EAC1710B0C43EA00438AB242EA034231
:100D3000B3FBF6F1E407B4463746B6461F23B0FBD3
:100D4000F6F0D21B41EA004161E7614614E7104624
:100D500028E7C3F1200120FA01F29E4027FA01F1B1
:100D60009F403A434FEA164E1FFA86FCB1FBFEF74E
:100D70000EFB1710110C41EA004107FB0CF88845E7
:100D800004FA03F43AD9711807F1FF3001D288450B
:100D90001FD8A1EB0801B1FBFEF808FB0CF70EFB16
:100DA000181192B242EA0142BA422FD2B21808F1A7
:100DB000FF31C6D2BA42C4D2A8F102013244C0E720
:100DC000F0459CD2BEEB020367EB0C070138B94635
:100DD00095E7A6EB08084144B81EB1FBFEF808FBF6
:100DE0000CF7DCE73B467FE7504667E70846FBE643
:100DF0003444023832E7023F32441BE7A1EB0801DA
:100E00003846B1FBFEF808FB0CF7C8E7414698E707
:100E100003685A004CBF43F0004323F000431844DA
:100E2000704700BF2DE9F04759B301F1FF3805467F
:100E3000164647464FF0000A0AEB070101EBD17155
:100E4000491005EBC1094846FFF7E2FF88454FEA24
:100E5000C104034610D004F10800B342284407D867
:100E6000FFF7D6FF0138B04208D201F1010AE3E7EB
:100E70008A4506D04F1EDFE7B042F9D84846BDE8A4
:100E8000F0874FF000094846BDE8F087012806D0FA
:100E9000022802D028B90448704704487047044823
:100EA00070470020704700BF7D1501088D150108AF
:100EB0008515010830B5224B83B004468D1E43B31F
:100EC00001A92846AFF30080F0B101992A46FFF747
:100ED000A9FF0146C0B1FFF79BFF4B68A064012B3F
:100EE0002BD0002B01F1040025DBFFF791FF00233D
:100EF00023650368E064002B12DBFFF789FF0346DC
:100F00000020236103B030BD00230920236103B01A
:100F100030BD0C4B0C49C91AC91018460191D5E7D0
:100F2000C3F30360FFF7B2FF031E0CBF09200020CC
:100F3000236103B030BD0123DAE700230520E0E799
:100F400000000000E0250108E82701080368DA072F
:100F500010B5044606D49B0700F1500009D5EFF701
:100F6000E9FE2368590709D51A070ED5DB0613D504
:100F700010BDEFF7D7FE23685907F5D404F1D80068
:100F8000EFF7E0FE23681A07F0D404F5AC70EFF732
:100F9000E1FE2368DB06EBD404F5EC70BDE81040FD
:100FA000EFF71CBF0346006800B11844704700BF4C
:100FB000704700BF70B504460E46316C2046FFF7FF
:100FC00079FF054688B9326C626123693246214651
:100FD000012098470828F0D0072806D12846316C10
:100FE000FFF7E6FF301DEFF791FE00F0E5FD00BFD3
:100FF0002DE9F04F0D1DD0F80C90D0F818A0074641
:1010000014460FCDADF5777D0DF10C0CACE80F005B
:101010000FCDACE80F000FCDACE80F0095E80F0046
:1010200002AE4FF0000E8CE80F000DF5F878C6F810
:1010300000E021E0336C7B614FF4F47231464046AE
:10104000EFF73CFF3B694246394658469847D8F887
:101050003830B3642146CDE9006A05463B4601209D
:101060003A46C847044618BB4FF4F472414630462E
:10107000EFF724FF082D19D1316C3846FFF71AFF1E
:10108000093405465FFA84FB0028D3D0B36BB36400
:101090003A46CDE9006A3B464BF010010120C847B3
:1010A00030B928460DF5777DBDE8F08F072D05D0C6
:1010B000092528460DF5777DBDE8F08F2046316C77
:1010C000FFF776FF03A8EFF721FE00BFF0B5CB6B6B
:1010D000FBB001F1040C0B640F460546BCE80F00A1
:1010E00001AC0FC4BCE80F000FC4BCE80F000FC474
:1010F0009CE80F004FF0FF3E84E80F006E46CDF8ED
:1011000000E006E02B693246294698470828044645
:1011100008D1316C2846FFF7CDFE0028F2D0092017
:101120007BB0F0BD3046FFF711FF062CF7D13946F2
:101130002846FFF73FFF00BFC160D96B8261196489
:1011400000221946FFF754BF70B5C66843690B64A7
:10115000AEB903690A4604460D4601460220984787
:10116000072805D008280FD129462046FFF722FF7F
:101170003046296CFFF71CFF281DEFF7C7FD012241
:10118000FFF736FF00F018FD00F016FDC26808B545
:1011900032B1CA6B0A64BDE808400022FFF728BFDD
:1011A000FFF794FF092008BD052915D8DFE801F0F5
:1011B0000A031403030501207047009A436C13606F
:1011C0000020704743B90F2A06D800EB82020020A6
:1011D0005368009A136070470220704700B585B0CD
:1011E0000A46002303A900911946FFF7DDFF039883
:1011F00005B05DF804FB00BF052915D8DFE801F054
:101200000A031403030501207047009B1B68436415
:101210000020704743B90F2A06D8009B00EB8202DA
:101220001B685360002070470220704710B584B0DF
:10123000002303AC039200940A461946FFF7DCFF33
:1012400004B010BD2DE9F041D36BADF5107D02F176
:10125000040C136407460E46BCE80F000DF15C0E4B
:10126000AEE80F00BCE80F00AEE80F00BCE80F00CE
:10127000AEE80F009CE80F0016AC4FF0FF388EE888
:101280000F006D46C4F8008010E0FFF7CFFF314635
:101290002046B847034622460820294683B92B69D1
:1012A0009847052880460DD0092809D0216C28468A
:1012B000FFF700FE03460C212A462046002BE4D00F
:1012C0004FF009082046FFF741FE40460DF5107D1E
:1012D000BDE8F0812DE9F04F1646CA6C89B00D4685
:1012E00052F8041B069200F0030CE3B10C0C8DF8CD
:1012F0001D400904E4B2059102EB840202218DF83D
:101300001C10296DBCF1020F08BFAA6B11F0010877
:101310000FD005A9304600F0CFFA002839D10820B7
:1013200009B0BDE8F08F090205918DF81D30032149
:10133000E5E71768002FECD000F008010191E346C3
:10134000CDF808809A46BAF1020F26D01788548843
:1013500002F10409AA6C24F001030F21304603EBCB
:101360000208FFF73BFF804515D827F0010202EB8A
:101370000803834294BF00230123640004F00204A5
:1013800007F001072743012F0BD0022F50D0002F69
:1013900045D00920C4E70023EFE7546802F10809AB
:1013A000D8E7BBF1000F73D1CBB1D9F80430D9F82D
:1013B0000020991C4FEAD272EBD005F1580401339A
:1013C000049400F0CC8009F10400FFF7EBFD04ABBE
:1013D00001462846AFF30080002840F0978009F1CD
:1013E00008021768002FAED105A93046DDF8088045
:1013F00000F062FA0028CCD1B8F1000F8FD00F2195
:101400003046FFF7EBFE0E2102463046FFF70EFF97
:10141000594A0F213046FFF709FF072080E7BBF14B
:10142000000F02D0002B40F0878009F10402D8E7BA
:10143000D9F8004024F00048BBF1000F0FD12BB1C8
:10144000019B002B3CD0B8F1000F39D0002C01DA01
:1014500009F1040908F1010209EB8202C1E70D213B
:101460003046FFF7BBFE2F6A8742EFD1AB6A994542
:10147000ECD100240423C5E90B434B44C5F8288074
:101480006B63D9F80030A34270DB01230293E1E7DC
:101490000D213046FFF7A2FE2C6A84429FD1AB6A31
:1014A00099459CD14846FFF7B3FC0F2102463046D0
:1014B000FFF7BCFE2A4600213046FFF7B7FEACE737
:1014C00005F15803CDF80CB009F10407B346002428
:1014D0001E460BE038460496FFF764FD00220146E5
:1014E00004AB2846AFF300800437F8B9444504F153
:1014F0000104EFD10D215846FFF770FE049BC5F89B
:1015000028900246C5E90823062009E704460D2174
:101510003046FFF763FE049E2862022C04BFEE6291
:1015200005F12C06C5E909690620F9E65E46D9F8F9
:101530000040DDF80CB089E74846FFF769FC09F187
:1015400004030446AB632846AFF3008000283FF451
:1015500020AF22460F213046FFF768FE5DE7304698
:101560000D21FFF73BFE26462862DBE708F101026A
:1015700009EB820097E700BF000000000023FFF79F
:10158000A9BE00BF0123FFF7A5BE00BF0223FFF7DE
:10159000A1BE00BF2DE9F0410646C4B0144605299E
:1015A00008D8DFE801F016300773980B3A19102AB3
:1015B00040F2B780022044B0BDE8F081836B002C7C
:1015C000F8D153F8042B42648363002044B0BDE893
:1015D000F081002BEED1856B1FFA84FC012006F10F
:1015E000040E00FA03F111EA0C0F2A4604D052F857
:1015F000041B4EF8231015460133102BF1D1A00423
:10160000E3D4B563E1E7012B4FEA1447A4B2CDD090
:10161000052BCFD107EB0408B8F1200FCAD80F2F44
:1016200040F2BD80002CD0D002685107A04600F1E6
:101630001B81019302AC2046EFF788FBD6F838C037
:10164000019B102F4FF0FF3239464FF0020E38BF8A
:10165000102118FB0E2E04EBC1018439724660463E
:1016600050F8045B41F8045F013A551CF8D10CF1C5
:10167000040C012B0CEB8E0200F0D5800F2FB2630F
:1016800040F2FA802046EFF75DFB9EE7032B91D1F5
:10169000A7B207EB1443102B4FEA14448AD803680F
:1016A000190700F1A38022AD2846EFF775FB7A00F9
:1016B000B06B05EBC404531E42B1011B625844F8E1
:1016C000042B013B5A1CF9D100EBC700B06328463C
:1016D000EFF740FB79E7002B7FF46CAF102C3FF65F
:1016E00069AF0368D80679D422AD2846EFF780FBAE
:1016F000B76B294600234FF0010C0CFA03F222428B
:10170000384603F1010303D050F8042B0A60074662
:10171000042B01F10401F0D1B7632846EFF75EFB1B
:1017200053E7102F3FF446AF0268D10708D5304683
:1017300022F0030240F8502B0193EFF7F7FA019BD8
:10174000019322AD2846EFF7F1FAD6F838C0002C05
:101750006BD0019B4FF0000802214FF0FF3214FBC9
:10176000012E05EBC70104397246604650F8044B60
:1017700041F8044F013A541CF8D10CF1040C0CEB65
:101780008E0CB8F1000F39D1012B4ED00F2FC6F8B7
:1017900038C03FF61AAF2846EFF7CCFA15E70268D3
:1017A000B8F1100F02F001012AD851B1304622F0F1
:1017B000010242F0020240F8502B0193EFF7BEFA0B
:1017C000019B019322AD2846EFF7B8FA019B002C4C
:1017D000E1D0D6F838C04FF00008BDE723F0100381
:1017E000336006F5EC70EFF703FB7DE723F00803A9
:1017F000036000F5AC70EFF7CFFA54E702AC20E7D6
:10180000D1B9550726D422AD28460193EFF796FAB1
:1018100002A8EFF79BFAA8F11008D6F838C0019B90
:10182000C7F1100498E7944622AD0CF10403B363AA
:101830002846EFF777FAC8E622F0010242F00202EA
:1018400040F8502B0193EFF779FA3268019B12F0C0
:10185000040FD8D0304622F0040240F8D82B019370
:10186000EFF774FA019BCEE722F0040240F8D82B80
:101870000193EFF76BFADDE622A8EFF75BFA01E7D9
:10188000027A03467AB9427AA2B14168013A10B4A9
:101890004272086803220C1D1A7202025C60000E7C
:1018A00010BC1A6070470068013A1A7202021A608E
:1018B000000E7047B02070472DE9F043064685B012
:1018C0000D4600272846FFF7DBFFB028044600F04E
:1018D000218103065ED500F0F003A02B1DD033D884
:1018E000802B00F08780902B2AD100F00D030D2B68
:1018F00026D00DF10808002300F00F021946CDF89C
:1019000000803046FFF750FC0023CDF800800D2208
:1019100019463046FFF770FCD4E7C34303F00703D2
:101920004FF47F621A41010702F47F6201D542F44D
:101930008042002319463046FFF72CFE0028C1D014
:10194000092005B0BDE8F083B02B68D0C02B3FD193
:10195000C62800F0CC80C72800F0DF8000F0F80334
:10196000C02B00F0EC80C82800F0F780C928E7D130
:101970002846FFF785FF020300F00F0002F47022F3
:1019800001300243012105233046FFF703FE002802
:1019900098D0D5E78300DBB203F104080DF1080904
:1019A00000231946CDF800900D223046FFF7FCFBCE
:1019B000029ACDF8009060064CBFA2EB08024244A8
:1019C0000023029219460D223046FFF715FC79E7F5
:1019D00000F0F803D02BB3D100F007020132052349
:1019E00042F4002201213046FFF7D4FD00283FF4E5
:1019F00069AFA5E72846FFF743FF24022043B0F56F
:101A0000004F9DD004010023A2B219463046FFF7D3
:101A1000C1FD002894D1C4F3C030074352E7A0F1C0
:101A2000B103042B00F2B580DFE803F05729160C50
:101A3000030003AA0023009219460D223046FFF747
:101A4000B3FB3FE700231A4605213046FFF7A2FD0E
:101A500000283FF437AF73E72846FFF711FF020372
:101A600000F00F00013002F47022012302431946F6
:101A70003046FFF78FFD00283FF424AF60E70023D6
:101A80000DF108090D221946CDF800903046FFF7F8
:101A90008BFB2846FFF7F4FE0206029C4FF002087B
:101AA0000CD500F07F0000FA08F0044428460294A8
:101AB000FFF7E6FE030608F10708F2D400FA08F083
:101AC00004F50174204400230290CDF800900D220B
:101AD00019463046FFF790FBF4E62846FFF7D0FEA4
:101AE000431EDBB20E2B02467FF623AF28E72846C3
:101AF000FFF7C6FE020300F00F00013002F470226F
:101B00000323024319463046FFF744FD00283FF403
:101B1000D9AE15E76FB3002013E72846FFF7B0FEF4
:101B2000431EDBB20E2B02463FF60AAF0023042110
:101B30003046FFF72FFD00283FF4C4AE00E700F069
:101B40000F020132032342F4202219463046FFF7E8
:101B500021FD00283FF4B6AEF2E62846FFF790FEDE
:101B600000F0F00200F00F031032013343EA0232BA
:101B700008E702AC3B46394600940E223046FFF798
:101B800013FB0F2200943B4639463046FFF734FBE7
:101B9000C1E700F0FC03B42B3FF4D2AE00F0070223
:101BA0000132012342F4002219463046FFF7F2FCCD
:101BB00000283FF487AEC3E608B5062000F086F89B
:101BC0000120EFF783FE00BF002301461A461846A6
:101BD00000F006B9032A30B412D941EA0004A40780
:101BE00084460B4621D11946604653F8044B5CF8F5
:101BF000045BA54219D1043A032AF4D86046194679
:101C0000541E7AB1431E0139021901E09A4209D0EB
:101C100013F8010F11F801CF6045F7D0A0EB0C00CD
:101C200030BC7047002030BC7047541EEAE700BF4C
:101C3000830730B546D08418844604E003F8011BBE
:101C40009D0704D09C46A4456346F7D130BD013AB8
:101C50000244A2EB0C02032A29D9CCB204EB0424DF
:101C60000F2A04EB04442FD9A2F1100C2CF00F0C16
:101C700003F11005AC44C3E90044C3E90244103346
:101C80006345F8D112F00C0F02F00F0E18D02EF0B1
:101C9000030C9C44AEF104051A4642F8044B62451D
:101CA000FBD125F0030404330EF003022344002A81
:101CB000CCD0C9B21A4403F8011B9342FBD130BD0A
:101CC0007246F4E70346C6E79646E0E738B5144B9C
:101CD0001F281D681ED8D5F83821044662B152F875
:101CE00020304BB1012B05D0591C0FD0002142F8F8
:101CF00020109847002038BD284600F029F82246D9
:101D000001462846BDE8384000F00CB816232B6089
:101D1000012038BD16232B604FF0FF3038BD00BFC7
:101D20001C01002470B50C46084D034600262046D1
:101D300011461C462E60EFF7C1FD431C00D070BD5C
:101D40002B68002BFBD0236070BD00BF689F002470
:101D5000EFF7B2BD014B1868704700BF1C010024AB
:101D600070B50F4B0F4DAB42A3EB050607D0B61075
:101D7000002455F8043B01349847A642F9D800F0F6
:101D800079F8094D094B5E1BAB424FEAA60606D017
:101D9000002455F8043B01349847A642F9D870BD99
:101DA000E8270108E8270108E8270108F4270108C7
:101DB00038B5074D074C2C1BA41005D0013C55F835
:101DC000043D9847002CF9D1BDE8384000F058B8E0
:101DD000F8270108F4270108704700BF704700BFCB
:101DE0002DE9F8431B4D0646286898460F46914654
:101DF000FFF7F2FF184B1C681CB3286865681F2D9D
:101E000022DC4EB96B1C0235636044F82570FFF785
:101E1000E5FF0020BDE8F88304EB85010123C1F84C
:101E20008890D4F88821AB401A43022EC4F8882148
:101E3000C1F80881E6D1D4F88C211A43C4F88C216A
:101E4000E0E7064C1C60D8E7FFF7C8FF4FF0FF3013
:101E5000E0E700BF6002002400A10024709F00247E
:101E6000024B13B10248FFF7AFBE704700000000FD
:101E7000B11D0108F8B500BFF8BC08BC9E4670470C
:0C1E8000F8B500BFF8BC08BC9E467047D7
:101E9000AB7F7F7F7F7F010000000000000000001B
:101EA0000000000000000000000000000100000031
:101EB0000200000003000000040000000000000019
:101EC000050000000000000000000000000000000D
:101ED00006000000000000000000000000000000FC
:101EE0000700000064656661756C745461736B0073
:101EF00053544D3332205669727475616C20436FB0
:101F00006D506F727400000053544D6963726F65B9
:101F10006C656374726F6E696373000043444320A1
:101F2000436F6E666967000043444320496E7465E1
:101F3000726661636500000073757065726361703D
:101F40005F7461736B000000726F626F745F746125
:101F5000736B0000636861737369735F7461736BA3
:101F60000000000067696D62616C5F7461736B00F3
:101F700049444C4500000000546D725100000000BF
:101F8000546D7220537663005465726D696E616C96
:101F90000000000053595354454D564945573A20C7
:101FA000436F756C64206E6F74207265636F72642A
:101FB000207461736B20696E666F726D6174696FF6
:101FC0006E2E204D6178696D756D206E756D626540
:101FD00072206F66207461736B7320726561636831
:101FE00065642E00E41E01080000000000000000EF
:101FF00000000000000000000002000018000000C7
:1020000000000000000000000000000001020304C6
:102010000102030406070809381F01080000000038
:1020200000000000000000000000000000020000AE
:10203000180000000000000000000000481F010818
:102040000000000000000000000000000000000090
:102050000003000018000000000000000000000065
:10206000541F0108000000000000000000000000F4
:102070000000000000020000180000000000000046
:1020800000000000641F01080000000000000000C4
:102090000000000000000000000300001800000025
:1020A0000000000000000000000000000000545488
:1020B00052205245474745530000000000000000F1
:1020C00000000000000000000006101600061016B8
:1020D0000001020304050607080C10141820304004
:1020E000010002000400060008000A000C001000B5
:1020F00020004000800000010804020408010101E2
:1021000001010103070100000000000000000000C1
:1021100000000000000000800000000000000080BF
:10212000000FC93F000F494000CB9640000FC94047
:102130000053FB4000CB164100ED2F41000F4941F9
:102140000031624100537B41003A8A4100CB964105
:10215000005CA34100EDAF41007EBC41000FC941CE
:1021600000A0D5410031E24100C2EE410053FB41E5
:1021700000F20342003A0A420083104200CB1642AA
:1021800000141D42005C234200A5294200ED2F42AD
:1021900000363642007E3C4200C74242000F4942B0
:1021A000A2000000F9000000830000006E000000A3
:1021B0004E0000004400000015000000290000004F
:1021C000FC0000002700000057000000D1000000C4
:1021D000F500000034000000DD000000C000000039
:1021E000DB00000062000000950000009900000084
:1021F0003C0000004300000090000000410000008F
:10220000FE0000005100000063000000AB00000071
:10221000DE000000BB000000C500000061000000FF
:10222000B7000000240000006E0000003A0000002B
:10223000420000004D000000D2000000E00000005D
:1022400006000000490000002E000000EA00000027
:1022500009000000D1000000920000001C000000F6
:10226000FE0000001D000000EB0000001C0000004C
:10227000B100000029000000A70000003E0000009F
:10228000E80000008200000035000000F5000000BA
:102290002E000000BB00000044000000840000008D
:1022A000E90000009C000000700000002600000013
:1022B000B40000005F0000007E000000410000004C
:1022C0003900000091000000D60000003900000035
:1022D000830000005300000039000000F4000000FB
:1022E0009C000000840000005F0000008B000000E4
:1022F000BD000000F9000000280000003B000000C5
:102300001F000000F800000097000000FF00000020
:10231000DE00000005000000980000000F00000033
:10232000EF0000002F000000110000008B000000F3
:102330005A0000000A0000006D0000001F000000AD
:102340006D000000360000007E000000CF0000009D
:1023500027000000CB00000009000000B7000000CB
:102360004F000000460000003F0000006600000033
:102370009E0000005F000000EA0000002D00000049
:102380007500000027000000BA000000C700000030
:10239000EB000000E5000000F10000007B00000001
:1023A0003D0000000700000039000000F7000000B9
:1023B0008A0000005200000092000000EA000000C5
:1023C0006B000000FB0000005F000000B100000097
:1023D0001F0000008D0000005D00000008000000EC
:1023E000560000000300000030000000460000001E
:1023F000FC0000007B0000006B000000AB00000050
:10240000F0000000CF000000BC0000002000000031
:102410009A000000F4000000360000001D000000DB
:10242000A9000000E300000091000000610000002E
:102430005E000000E60000001B0000000800000035
:102440006500000099000000850000005F000000AA
:1024500014000000A0000000680000004000000020
:102460008D000000FF000000D80000008000000088
:102470004D00000073000000270000003100000044
:1024800006000000060000001500000056000000D5
:10249000CA00000073000000A8000000C90000008E
:1024A00060000000E20000007B000000C0000000AF
:1024B0008C0000006B0000000000C93F0000F039F4
:1024C0000000DA370000A2330000842E0000502BF9
:1024D0000000C2270000D0220000C41F0000C61B5D
:1024E000000044170400000007000000090000007D
:1024F00008B10181B0B000840000000008B1018182
:10250000B0B0008400000000C9010181B0B0AA8011
:102510000000000008B10181B0B00084000000009C
:10252000C9040181B0B0AF800000000008B1018192
:10253000B0B000840000000008B10181B0B0008498
:102540000000000008B10181B0B00084000000006C
:1025500008B10181B0B000840000000008B1018121
:10256000B0B000840000000008B10181B0B0008468
:102570000000000008B10181B0B00084000000003C
:10258000C9040181B0B0A9800000000008B1018138
:10259000B0B0008400000000C9010181B0B0AA8081
:1025A0000000000008B10181B0B00084000000000C
:1025B000C9020181B0B0AB830000000080C9018175
:1025C000B0A908B10000000008B10181B0B00084DA
:1025D0000000000008B10181B0B0008400000000DC
:1025E000DCE8FE7F01000000D002FF7FB0AB088076
:1025F0001403FF7FB0B0A880B403FF7F00840A807B
:10260000D003FF7FA908B180C804FF7FB0B0A880C5
:102610004806FF7FDCFEFF7F3807FF7F01000000D8
:102620006C07FF7FB0B0AA80D407FF7F01000000D5
:10263000480AFF7FB0AA0180540BFF7FC0FEFF7FD6
:102640005E0BFF7FA908B180F40BFF7F0100000043
:10265000160CFF7FB0A80180880CFF7F01000000EE
:10266000080DFF7FB0B0A880480DFF7F9CFEFF7F64
:102670007C0EFF7FA0FEFF7F840EFF7FA4FEFF7F06
:102680000C10FF7FB0B0A8806C10FF7F010000002D
:102690009410FF7FB0A80180CC10FF7FB0B0A8805D
:1026A000D610FF7F88FEFF7FD410FF7F010000005F
:1026B0008811FF7F84FEFF7FB011FF7F88FEFF7FC0
:1026C000EC11FF7F8CFEFF7F3812FF7F90FEFF7FB3
:1026D0004C12FF7F94FEFF7F8812FF7F01000000F5
:1026E0004815FF7F90FEFF7F8015FF7F01000000EF
:1026F0008015FF7FA880C9803416FF7F84FEFF7F8E
:102700009818FF7F88FEFF7F9818FF7F8CFEFF7F61
:102710002C1AFF7F01000000081BFF7FB0B0A880CB
:10272000561BFF7F80FEFF7F541BFF7F84FEFF7FD1
:10273000801DFF7FB0B0A8808C1DFF7F80FEFF7FD3
:10274000141FFF7FB0B0A880381FFF7FA908B18099
:10275000621FFF7F74FEFF7F601FFF7F010000008C
:1027600054E7FF7FB0A90280E4E7FF7FB0B0A88004
:1027700034E8FF7F010000003CE8FF7FB0B0AA8092
:1027800070E8FF7FAF76B28044E9FF7FAB3F3A80CD
:10279000A8E9FF7F01000000B0E9FF7FB0B0AA8088
:1027A000ECE9FF7F30FEFF7F00EAFF7F01000000C1
:1027B00094EAFF7FAC0FB2801CEBFF7FB0AF0880C4
:1027C000BCEDFF7F01000000CCEDFF7FAC3F03803C
:1027D000B0F0FF7F01000000E0F0FF7FB0AD0480AB
:0827E000D8F3FF7F01000000A7
:0C27E800611E010815100008693C000883
:0427F400F10F0008D9
:1027F8000090D0030090D003DD1F0008951F00084B
:10280800991F0008B11F00089D1F00081A03000047
:1028180000000000000000000000000000000000B0
:102828000000000000000000040309041201000277
:102838000202004083044057000201020301000025
:10284800A5220008B12200087523000851230008BA
:102858003D23000891230008B5230008000000006C
:10286800FFFFFFFFFFFFFFFDFFFFFFFFFFFFFFFC75
:10287800FFFFFFFFFFFFFFFBAAAAAAAA01000000B3
:102888001000000009024300020100C032090400E0
:1028980000010202010005240010010524010001C5
:1028A800042402020524060001070582030800101B
:1028B80009040100020A00000007050102400000A7
:1028C8000705810240000000E5EA000881EA0008E7
:1028D8006DE900080000000095E70008F1E800082D
:1028E800B9E8000800000000000000000000000037
:1028F80071E8000829E80008E1E70008D5E70008C2
:102908000A06000200000040010000002001002427
:1029180000000000309E0024989E0024009F0024A0
:10292800000000000000000000000000000000009F
:10293800000000000000000000000000000000008F
:10294800000000000000000000000000000000007F
:10295800000000000000000000000000000000006F
:10296800000000000000000000000000000000005F
:10297800000000000000000000000000000000004F
:10298800000000000000000000000000000000003F
:10299800000000000000000000000000000000002F
:1029A800000000000000000001000000000000001E
:1029B8000E33CDAB34126DE6ECDE05000B000000E3
:1029C80000000000000000000000000000000000FF
:1029D80000000000000000000000000000000000EF
:1029E80000000000000000000000000000000000DF
:1029F80000000000000000000000000000000000CF
:102A080000000000000000000000000000000000BE
:102A180000000000000000000000000000000000AE
:102A2800000000000000000000000000000000009E
:102A3800000000000000000000000000000000008E
:102A4800000000000000000000000000000000007E
:042A58006C9F00244B
:04000005080023D9F3
:00000001FF
